youtube_id,start_s,class,source,pann_score,pann_window_offset_s,clip_score,clip_best_frame,vad_voiced_frac,audio_path,full_10s_path
--I2373YpgM,30.0,horse,audioset,0.8571521043777466,5.0,0.2663741111755371,6,0.0,clips/horse/--I2373YpgM_30/audio.wav,clips/horse/--I2373YpgM_30/full_10s.wav
--IVng5n_Mw,15.0,horse,audioset,0.922705352306366,5.0,0.28760427236557007,4,0.0,clips/horse/--IVng5n_Mw_15/audio.wav,clips/horse/--IVng5n_Mw_15/full_10s.wav
--hq8wmLHHQ,30.0,horse,audioset,0.9802191853523254,6.5,0.2386849969625473,6,0.0,clips/horse/--hq8wmLHHQ_30/audio.wav,clips/horse/--hq8wmLHHQ_30/full_10s.wav
-0KzkJ7kR8A,30.0,horse,audioset,0.6801593899726868,5.5,0.2630935609340668,6,0.0,clips/horse/-0KzkJ7kR8A_30/audio.wav,clips/horse/-0KzkJ7kR8A_30/full_10s.wav
-0TTFAArJ9k,30.0,horse,audioset+vggsound,0.8797086477279663,2.0,0.2774834930896759,0,0.0,clips/horse/-0TTFAArJ9k_30/audio.wav,clips/horse/-0TTFAArJ9k_30/full_10s.wav
-0UQF2s0VYI,0.0,horse,vggsound,0.8848154544830322,0.5,0.2927599549293518,6,0.0,clips/horse/-0UQF2s0VYI_0/audio.wav,clips/horse/-0UQF2s0VYI_0/full_10s.wav
-16L6NWo49A,30.0,horse,audioset,0.34119993448257446,6.5,0.2866186499595642,1,0.0,clips/horse/-16L6NWo49A_30/audio.wav,clips/horse/-16L6NWo49A_30/full_10s.wav
-2WBGJ3rWX8,30.0,horse,audioset,0.7435941696166992,0.0,0.3022446036338806,7,0.0,clips/horse/-2WBGJ3rWX8_30/audio.wav,clips/horse/-2WBGJ3rWX8_30/full_10s.wav
-4c4jzE5y_c,18.0,horse,audioset,0.7055616974830627,0.0,0.28260934352874756,1,0.0,clips/horse/-4c4jzE5y_c_18/audio.wav,clips/horse/-4c4jzE5y_c_18/full_10s.wav
-4c4jzE5y_c,5.0,horse,vggsound,0.4014142155647278,2.5,0.2940059006214142,2,0.0,clips/horse/-4c4jzE5y_c_5/audio.wav,clips/horse/-4c4jzE5y_c_5/full_10s.wav
-6yndOAXmw0,30.0,horse,audioset,0.683976948261261,6.5,0.27135878801345825,4,0.0,clips/horse/-6yndOAXmw0_30/audio.wav,clips/horse/-6yndOAXmw0_30/full_10s.wav
-7G6h-Qr0_E,30.0,horse,audioset,0.2781624495983124,6.5,0.286723792552948,6,0.0,clips/horse/-7G6h-Qr0_E_30/audio.wav,clips/horse/-7G6h-Qr0_E_30/full_10s.wav
-7uB0O_imb4,30.0,horse,audioset+vggsound,0.9790233373641968,6.5,0.2839643657207489,7,0.0,clips/horse/-7uB0O_imb4_30/audio.wav,clips/horse/-7uB0O_imb4_30/full_10s.wav
-8xCSEgFroY,30.0,horse,audioset,0.45266449451446533,4.5,0.2873147428035736,2,0.0,clips/horse/-8xCSEgFroY_30/audio.wav,clips/horse/-8xCSEgFroY_30/full_10s.wav
-91lUg0_Gl8,151.0,horse,vggsound,0.2840946316719055,0.0,0.27877277135849,1,0.0,clips/horse/-91lUg0_Gl8_151/audio.wav,clips/horse/-91lUg0_Gl8_151/full_10s.wav
-AS90xs6Ohs,30.0,horse,audioset,0.5151003003120422,1.0,0.2872389256954193,5,0.0,clips/horse/-AS90xs6Ohs_30/audio.wav,clips/horse/-AS90xs6Ohs_30/full_10s.wav
-AdWXq6teXg,30.0,horse,audioset+vggsound,0.806983470916748,2.5,0.281147301197052,6,0.0,clips/horse/-AdWXq6teXg_30/audio.wav,clips/horse/-AdWXq6teXg_30/full_10s.wav
-AfJKhf6P3U,30.0,horse,audioset+vggsound,0.9151247143745422,6.0,0.29092440009117126,5,0.0,clips/horse/-AfJKhf6P3U_30/audio.wav,clips/horse/-AfJKhf6P3U_30/full_10s.wav
-CgTR1pvdcQ,30.0,horse,audioset,0.3789161443710327,6.5,0.29196709394454956,6,0.0,clips/horse/-CgTR1pvdcQ_30/audio.wav,clips/horse/-CgTR1pvdcQ_30/full_10s.wav
-CkJyZ2fFOY,30.0,horse,audioset,0.3734147846698761,0.0,0.2653641700744629,9,0.0,clips/horse/-CkJyZ2fFOY_30/audio.wav,clips/horse/-CkJyZ2fFOY_30/full_10s.wav
-DlpGYhmO4A,30.0,horse,audioset,0.9506444334983826,4.0,0.27968746423721313,1,0.0,clips/horse/-DlpGYhmO4A_30/audio.wav,clips/horse/-DlpGYhmO4A_30/full_10s.wav
-EWvMAkKDRM,20.0,horse,audioset,0.8587278723716736,4.0,0.27206140756607056,3,0.0,clips/horse/-EWvMAkKDRM_20/audio.wav,clips/horse/-EWvMAkKDRM_20/full_10s.wav
-Fby-7z_JpE,0.0,horse,audioset,0.7826437950134277,3.5,0.3024502992630005,7,0.0,clips/horse/-Fby-7z_JpE_0/audio.wav,clips/horse/-Fby-7z_JpE_0/full_10s.wav
-FdlM9BEkac,30.0,horse,audioset,0.4846038520336151,0.0,0.27440977096557617,6,0.0,clips/horse/-FdlM9BEkac_30/audio.wav,clips/horse/-FdlM9BEkac_30/full_10s.wav
-GM-ogU1Q4s,21.0,horse,audioset+vggsound,0.9837403893470764,0.0,0.2816968858242035,5,0.0,clips/horse/-GM-ogU1Q4s_21/audio.wav,clips/horse/-GM-ogU1Q4s_21/full_10s.wav
-GXt9AWAUDA,30.0,horse,audioset,0.8015363216400146,1.0,0.26575905084609985,9,0.0,clips/horse/-GXt9AWAUDA_30/audio.wav,clips/horse/-GXt9AWAUDA_30/full_10s.wav
-HNspMf4mwg,30.0,horse,audioset,0.39761611819267273,5.0,0.2644660770893097,8,0.0,clips/horse/-HNspMf4mwg_30/audio.wav,clips/horse/-HNspMf4mwg_30/full_10s.wav
-HXwnBVE19E,2.0,horse,audioset+vggsound,0.38896334171295166,0.5,0.27148568630218506,7,0.0,clips/horse/-HXwnBVE19E_2/audio.wav,clips/horse/-HXwnBVE19E_2/full_10s.wav
-KKMPsC4oB8,0.0,horse,audioset,0.5827304124832153,6.0,0.2623402774333954,6,0.0,clips/horse/-KKMPsC4oB8_0/audio.wav,clips/horse/-KKMPsC4oB8_0/full_10s.wav
-KOl42nx9xg,30.0,horse,audioset,0.7398685812950134,0.0,0.283494770526886,0,0.0,clips/horse/-KOl42nx9xg_30/audio.wav,clips/horse/-KOl42nx9xg_30/full_10s.wav
-KioPJI1jfg,7.0,horse,vggsound,0.848652720451355,0.5,0.2793963849544525,8,0.0,clips/horse/-KioPJI1jfg_7/audio.wav,clips/horse/-KioPJI1jfg_7/full_10s.wav
-Kl6k8rpOYc,30.0,horse,audioset,0.6941201090812683,2.5,0.27802661061286926,8,0.0,clips/horse/-Kl6k8rpOYc_30/audio.wav,clips/horse/-Kl6k8rpOYc_30/full_10s.wav
-KqJjhvd_bo,30.0,horse,audioset,0.915221095085144,5.5,0.26910942792892456,1,0.0,clips/horse/-KqJjhvd_bo_30/audio.wav,clips/horse/-KqJjhvd_bo_30/full_10s.wav
-L3DodwBENA,0.0,horse,audioset,0.7547693848609924,5.5,0.2964268922805786,3,0.0,clips/horse/-L3DodwBENA_0/audio.wav,clips/horse/-L3DodwBENA_0/full_10s.wav
-O8XjIC6cqE,30.0,horse,audioset,0.6052523255348206,2.0,0.2524668574333191,7,0.0,clips/horse/-O8XjIC6cqE_30/audio.wav,clips/horse/-O8XjIC6cqE_30/full_10s.wav
-OU3adehz2g,30.0,horse,audioset,0.526933491230011,0.0,0.27130767703056335,2,0.0,clips/horse/-OU3adehz2g_30/audio.wav,clips/horse/-OU3adehz2g_30/full_10s.wav
-OxL7eCTp_I,30.0,horse,audioset,0.6929782032966614,6.5,0.2933529019355774,6,0.0,clips/horse/-OxL7eCTp_I_30/audio.wav,clips/horse/-OxL7eCTp_I_30/full_10s.wav
-R2kN-_12pc,30.0,horse,audioset+vggsound,0.4365834891796112,1.0,0.2789608836174011,6,0.0,clips/horse/-R2kN-_12pc_30/audio.wav,clips/horse/-R2kN-_12pc_30/full_10s.wav
-RuSgm3I6LQ,30.0,horse,audioset+vggsound,0.3499809801578522,2.5,0.2642756700515747,1,0.0,clips/horse/-RuSgm3I6LQ_30/audio.wav,clips/horse/-RuSgm3I6LQ_30/full_10s.wav
-SA7KkTZVLg,110.0,horse,audioset,0.8676092028617859,6.5,0.2824716567993164,4,0.0,clips/horse/-SA7KkTZVLg_110/audio.wav,clips/horse/-SA7KkTZVLg_110/full_10s.wav
-SX1EaVK9zo,30.0,horse,audioset+vggsound,0.8510819673538208,5.5,0.2831079065799713,5,0.0,clips/horse/-SX1EaVK9zo_30/audio.wav,clips/horse/-SX1EaVK9zo_30/full_10s.wav
-So5Gi8oWiY,30.0,horse,audioset,0.8518014550209045,6.5,0.25917723774909973,6,0.0,clips/horse/-So5Gi8oWiY_30/audio.wav,clips/horse/-So5Gi8oWiY_30/full_10s.wav
-TA0EJc8oFc,30.0,horse,audioset,0.5304853320121765,1.0,0.2717520594596863,6,0.0,clips/horse/-TA0EJc8oFc_30/audio.wav,clips/horse/-TA0EJc8oFc_30/full_10s.wav
-TZmzuXs5j0,30.0,horse,audioset,0.47142159938812256,2.5,0.28052952885627747,8,0.0,clips/horse/-TZmzuXs5j0_30/audio.wav,clips/horse/-TZmzuXs5j0_30/full_10s.wav
-UJJsEdgqMQ,11.0,horse,audioset+vggsound,0.2586890161037445,1.5,0.2827942669391632,7,0.0,clips/horse/-UJJsEdgqMQ_11/audio.wav,clips/horse/-UJJsEdgqMQ_11/full_10s.wav
-V5KERENdZE,10.0,horse,audioset+vggsound,0.9484963417053223,6.0,0.2889016270637512,3,0.0,clips/horse/-V5KERENdZE_10/audio.wav,clips/horse/-V5KERENdZE_10/full_10s.wav
-VZN4iUSkQk,12.0,horse,audioset+vggsound,0.7260038256645203,2.5,0.2784906327724457,6,0.0,clips/horse/-VZN4iUSkQk_12/audio.wav,clips/horse/-VZN4iUSkQk_12/full_10s.wav
-VzBUDJ1iBI,30.0,horse,audioset,0.6123111248016357,6.0,0.2604276239871979,0,0.0,clips/horse/-VzBUDJ1iBI_30/audio.wav,clips/horse/-VzBUDJ1iBI_30/full_10s.wav
-XaHGkDS3Tg,30.0,horse,audioset,0.42849498987197876,6.5,0.2674012780189514,3,0.0,clips/horse/-XaHGkDS3Tg_30/audio.wav,clips/horse/-XaHGkDS3Tg_30/full_10s.wav
-YfaQljuwwA,30.0,horse,audioset+vggsound,0.5110313296318054,3.5,0.2552531063556671,8,0.0,clips/horse/-YfaQljuwwA_30/audio.wav,clips/horse/-YfaQljuwwA_30/full_10s.wav
-Z311uvbamc,30.0,horse,audioset,0.5505881309509277,4.0,0.292932391166687,0,0.0,clips/horse/-Z311uvbamc_30/audio.wav,clips/horse/-Z311uvbamc_30/full_10s.wav
-Za2s1B3OG0,30.0,horse,audioset,0.7982655763626099,1.0,0.27807939052581787,0,0.0,clips/horse/-Za2s1B3OG0_30/audio.wav,clips/horse/-Za2s1B3OG0_30/full_10s.wav
-_ls8r_S188,30.0,horse,audioset,0.6687450408935547,3.0,0.27402767539024353,9,0.0,clips/horse/-_ls8r_S188_30/audio.wav,clips/horse/-_ls8r_S188_30/full_10s.wav
-akj45PLnUs,110.0,horse,audioset,0.6860500574111938,2.5,0.3032884895801544,1,0.0,clips/horse/-akj45PLnUs_110/audio.wav,clips/horse/-akj45PLnUs_110/full_10s.wav
-c8MRzSY6BI,30.0,horse,audioset+vggsound,0.7255610823631287,4.5,0.2814464867115021,2,0.0,clips/horse/-c8MRzSY6BI_30/audio.wav,clips/horse/-c8MRzSY6BI_30/full_10s.wav
-cS-xm0Kqso,30.0,horse,audioset,0.36491432785987854,0.5,0.2586725354194641,3,0.0,clips/horse/-cS-xm0Kqso_30/audio.wav,clips/horse/-cS-xm0Kqso_30/full_10s.wav
-d5GUltYX1o,30.0,horse,audioset,0.9328478574752808,3.5,0.28169599175453186,5,0.0,clips/horse/-d5GUltYX1o_30/audio.wav,clips/horse/-d5GUltYX1o_30/full_10s.wav
-db8fQ4Yg-w,21.0,horse,audioset,0.5059633851051331,5.5,0.22915242612361908,4,0.0,clips/horse/-db8fQ4Yg-w_21/audio.wav,clips/horse/-db8fQ4Yg-w_21/full_10s.wav
-dhqrM4y-Ys,30.0,horse,audioset,0.8938266634941101,3.0,0.24280494451522827,6,0.0,clips/horse/-dhqrM4y-Ys_30/audio.wav,clips/horse/-dhqrM4y-Ys_30/full_10s.wav
-fGimNfFXZ0,110.0,horse,audioset,0.9408630728721619,6.0,0.2909313142299652,6,0.0,clips/horse/-fGimNfFXZ0_110/audio.wav,clips/horse/-fGimNfFXZ0_110/full_10s.wav
-fZ2oi4AUJ8,17.0,horse,audioset,0.26552465558052063,3.0,0.27467718720436096,8,0.0,clips/horse/-fZ2oi4AUJ8_17/audio.wav,clips/horse/-fZ2oi4AUJ8_17/full_10s.wav
-k199QGbju0,25.0,horse,audioset+vggsound,0.483084499835968,1.5,0.284821093082428,5,0.0,clips/horse/-k199QGbju0_25/audio.wav,clips/horse/-k199QGbju0_25/full_10s.wav
-pbxZsS46l0,30.0,horse,audioset+vggsound,0.7224975824356079,5.5,0.2700740694999695,8,0.0,clips/horse/-pbxZsS46l0_30/audio.wav,clips/horse/-pbxZsS46l0_30/full_10s.wav
-qbPc4nh5ac,13.0,horse,audioset+vggsound,0.6643310785293579,5.5,0.28664571046829224,4,0.0,clips/horse/-qbPc4nh5ac_13/audio.wav,clips/horse/-qbPc4nh5ac_13/full_10s.wav
-rV9fYzWwvI,30.0,horse,audioset,0.46302688121795654,1.0,0.2806183099746704,5,0.0,clips/horse/-rV9fYzWwvI_30/audio.wav,clips/horse/-rV9fYzWwvI_30/full_10s.wav
-sY9gkOsoTE,30.0,horse,audioset,0.8356831073760986,1.5,0.27777934074401855,2,0.0,clips/horse/-sY9gkOsoTE_30/audio.wav,clips/horse/-sY9gkOsoTE_30/full_10s.wav
-s_Gu2V80So,30.0,horse,audioset,0.8544698357582092,0.5,0.27831944823265076,8,0.0,clips/horse/-s_Gu2V80So_30/audio.wav,clips/horse/-s_Gu2V80So_30/full_10s.wav
-tbPEJbcXoI,21.0,horse,audioset,0.811580240726471,5.5,0.2762698233127594,4,0.0,clips/horse/-tbPEJbcXoI_21/audio.wav,clips/horse/-tbPEJbcXoI_21/full_10s.wav
-xZKvH8poVo,30.0,horse,audioset,0.3070613145828247,3.0,0.27485543489456177,6,0.0,clips/horse/-xZKvH8poVo_30/audio.wav,clips/horse/-xZKvH8poVo_30/full_10s.wav
-y2fmiPOBMw,30.0,horse,audioset,0.3102133274078369,1.5,0.2812832295894623,8,0.0,clips/horse/-y2fmiPOBMw_30/audio.wav,clips/horse/-y2fmiPOBMw_30/full_10s.wav
-z--VHgH4ho,30.0,horse,audioset+vggsound,0.9206395745277405,6.5,0.29294732213020325,4,0.0,clips/horse/-z--VHgH4ho_30/audio.wav,clips/horse/-z--VHgH4ho_30/full_10s.wav
-zHkYg_gopA,30.0,horse,audioset,0.4426921010017395,0.0,0.25587478280067444,3,0.0,clips/horse/-zHkYg_gopA_30/audio.wav,clips/horse/-zHkYg_gopA_30/full_10s.wav
-zJpWblpeB4,30.0,horse,audioset,0.47312748432159424,1.0,0.2617044746875763,0,0.0,clips/horse/-zJpWblpeB4_30/audio.wav,clips/horse/-zJpWblpeB4_30/full_10s.wav
0-b_3hywFmg,30.0,horse,audioset,0.45305222272872925,2.0,0.26996302604675293,6,0.0,clips/horse/0-b_3hywFmg_30/audio.wav,clips/horse/0-b_3hywFmg_30/full_10s.wav
00O0rcQR3Ko,30.0,horse,audioset,0.8091440200805664,0.0,0.2763950824737549,4,0.0,clips/horse/00O0rcQR3Ko_30/audio.wav,clips/horse/00O0rcQR3Ko_30/full_10s.wav
00wORCOKNHw,14.0,horse,audioset+vggsound,0.9806094765663147,1.0,0.3081093430519104,0,0.0,clips/horse/00wORCOKNHw_14/audio.wav,clips/horse/00wORCOKNHw_14/full_10s.wav
02bhAIKbpqc,22.0,horse,vggsound,0.9327446222305298,0.0,0.2956791818141937,4,0.0,clips/horse/02bhAIKbpqc_22/audio.wav,clips/horse/02bhAIKbpqc_22/full_10s.wav
031vhuk_TIE,30.0,horse,audioset+vggsound,0.9089541435241699,0.0,0.2758517861366272,3,0.0,clips/horse/031vhuk_TIE_30/audio.wav,clips/horse/031vhuk_TIE_30/full_10s.wav
03Gd-F85pG4,30.0,horse,audioset+vggsound,0.7119420766830444,1.5,0.2561548352241516,8,0.0,clips/horse/03Gd-F85pG4_30/audio.wav,clips/horse/03Gd-F85pG4_30/full_10s.wav
05-1WECRAs8,30.0,horse,audioset,0.6216508150100708,0.5,0.2861611843109131,4,0.0,clips/horse/05-1WECRAs8_30/audio.wav,clips/horse/05-1WECRAs8_30/full_10s.wav
05sksuAixjY,230.0,horse,vggsound,0.9546928405761719,2.0,0.26450562477111816,6,0.0,clips/horse/05sksuAixjY_230/audio.wav,clips/horse/05sksuAixjY_230/full_10s.wav
05sksuAixjY,257.0,horse,vggsound,0.9862064719200134,5.5,0.27115800976753235,5,0.0,clips/horse/05sksuAixjY_257/audio.wav,clips/horse/05sksuAixjY_257/full_10s.wav
05sksuAixjY,30.0,horse,audioset,0.7045677304267883,6.5,0.2867724299430847,7,0.0,clips/horse/05sksuAixjY_30/audio.wav,clips/horse/05sksuAixjY_30/full_10s.wav
06JrdfCNSso,3.0,horse,audioset+vggsound,0.6213122606277466,4.5,0.2765885591506958,6,0.0,clips/horse/06JrdfCNSso_3/audio.wav,clips/horse/06JrdfCNSso_3/full_10s.wav
06T-ltbgD8o,30.0,horse,audioset,0.8701925873756409,0.0,0.29045528173446655,2,0.0,clips/horse/06T-ltbgD8o_30/audio.wav,clips/horse/06T-ltbgD8o_30/full_10s.wav
07sNiNJprH0,30.0,horse,audioset+vggsound,0.45997220277786255,4.5,0.2717462182044983,3,0.0,clips/horse/07sNiNJprH0_30/audio.wav,clips/horse/07sNiNJprH0_30/full_10s.wav
08ty9EupxAY,20.0,horse,audioset,0.8464835286140442,6.0,0.29150843620300293,9,0.0,clips/horse/08ty9EupxAY_20/audio.wav,clips/horse/08ty9EupxAY_20/full_10s.wav
09CxTd_olO4,30.0,horse,audioset+vggsound,0.6628485321998596,0.0,0.29208019375801086,8,0.0,clips/horse/09CxTd_olO4_30/audio.wav,clips/horse/09CxTd_olO4_30/full_10s.wav
09ZlAaFw0cc,30.0,horse,audioset,0.7027742266654968,6.5,0.2902979850769043,7,0.0,clips/horse/09ZlAaFw0cc_30/audio.wav,clips/horse/09ZlAaFw0cc_30/full_10s.wav
09nSnH52l5E,15.0,horse,audioset+vggsound,0.8349900245666504,4.0,0.2791188657283783,8,0.0,clips/horse/09nSnH52l5E_15/audio.wav,clips/horse/09nSnH52l5E_15/full_10s.wav
0BGUQFlEKJE,30.0,horse,audioset,0.9162679314613342,0.5,0.27752506732940674,5,0.0,clips/horse/0BGUQFlEKJE_30/audio.wav,clips/horse/0BGUQFlEKJE_30/full_10s.wav
0BhhYpDRwVY,30.0,horse,audioset+vggsound,0.6540600657463074,0.0,0.28523993492126465,7,0.0,clips/horse/0BhhYpDRwVY_30/audio.wav,clips/horse/0BhhYpDRwVY_30/full_10s.wav
0CDk6hfFK5Q,0.0,horse,audioset,0.31273651123046875,5.0,0.2773655354976654,2,0.0,clips/horse/0CDk6hfFK5Q_0/audio.wav,clips/horse/0CDk6hfFK5Q_0/full_10s.wav
0DAv1iGmE8M,30.0,horse,audioset,0.36777982115745544,2.0,0.2605859637260437,5,0.0,clips/horse/0DAv1iGmE8M_30/audio.wav,clips/horse/0DAv1iGmE8M_30/full_10s.wav
0GSrbaMkn1k,0.0,horse,audioset,0.8974654674530029,1.5,0.23941606283187866,0,0.0,clips/horse/0GSrbaMkn1k_0/audio.wav,clips/horse/0GSrbaMkn1k_0/full_10s.wav
0K4QM63pY-w,30.0,horse,audioset+vggsound,0.6642075777053833,4.5,0.2762991189956665,3,0.0,clips/horse/0K4QM63pY-w_30/audio.wav,clips/horse/0K4QM63pY-w_30/full_10s.wav
0KsA_9pti2A,30.0,horse,audioset+vggsound,0.5166407227516174,6.5,0.2701294720172882,9,0.0,clips/horse/0KsA_9pti2A_30/audio.wav,clips/horse/0KsA_9pti2A_30/full_10s.wav
0LAQLooL9xY,13.0,horse,audioset,0.7931101322174072,6.5,0.2803040146827698,1,0.0,clips/horse/0LAQLooL9xY_13/audio.wav,clips/horse/0LAQLooL9xY_13/full_10s.wav
0MdkcazmOEg,30.0,horse,audioset,0.3108820915222168,5.0,0.27985960245132446,4,0.0,clips/horse/0MdkcazmOEg_30/audio.wav,clips/horse/0MdkcazmOEg_30/full_10s.wav
0O5xF0PdtBg,30.0,horse,audioset,0.903113842010498,5.0,0.2588907480239868,6,0.0,clips/horse/0O5xF0PdtBg_30/audio.wav,clips/horse/0O5xF0PdtBg_30/full_10s.wav
0OscIzriZLI,0.0,horse,audioset,0.5666192173957825,0.5,0.2679407298564911,2,0.0,clips/horse/0OscIzriZLI_0/audio.wav,clips/horse/0OscIzriZLI_0/full_10s.wav
0PZQL-Msz0s,30.0,horse,audioset+vggsound,0.8877121210098267,6.5,0.2927548587322235,6,0.0,clips/horse/0PZQL-Msz0s_30/audio.wav,clips/horse/0PZQL-Msz0s_30/full_10s.wav
0Q7CInjswYg,30.0,horse,audioset,0.8364378213882446,6.0,0.25916197896003723,5,0.0,clips/horse/0Q7CInjswYg_30/audio.wav,clips/horse/0Q7CInjswYg_30/full_10s.wav
0R1fT3JV2Yw,15.0,horse,audioset+vggsound,0.9260069727897644,6.5,0.2837721109390259,7,0.0,clips/horse/0R1fT3JV2Yw_15/audio.wav,clips/horse/0R1fT3JV2Yw_15/full_10s.wav
0RS8hcUxcx0,13.0,horse,audioset+vggsound,0.9702149033546448,4.5,0.29160988330841064,3,0.0,clips/horse/0RS8hcUxcx0_13/audio.wav,clips/horse/0RS8hcUxcx0_13/full_10s.wav
0SMHTUfYzIU,30.0,horse,audioset,0.4814956784248352,1.0,0.28237152099609375,0,0.0,clips/horse/0SMHTUfYzIU_30/audio.wav,clips/horse/0SMHTUfYzIU_30/full_10s.wav
0Sb-RvvsaAw,132.0,horse,vggsound,0.455318421125412,1.0,0.2783210873603821,2,0.0,clips/horse/0Sb-RvvsaAw_132/audio.wav,clips/horse/0Sb-RvvsaAw_132/full_10s.wav
0TC7VdOZVWY,30.0,horse,audioset,0.8946813344955444,0.0,0.287432998418808,5,0.0,clips/horse/0TC7VdOZVWY_30/audio.wav,clips/horse/0TC7VdOZVWY_30/full_10s.wav
0VMbX4GO8ys,90.0,horse,audioset,0.727297306060791,0.0,0.26808881759643555,7,0.0,clips/horse/0VMbX4GO8ys_90/audio.wav,clips/horse/0VMbX4GO8ys_90/full_10s.wav
0WqBCOtkfS4,30.0,horse,audioset,0.7494642734527588,4.0,0.24423375725746155,0,0.0,clips/horse/0WqBCOtkfS4_30/audio.wav,clips/horse/0WqBCOtkfS4_30/full_10s.wav
0XbqnVocHNE,30.0,horse,audioset+vggsound,0.9244802594184875,2.0,0.27983251214027405,0,0.0,clips/horse/0XbqnVocHNE_30/audio.wav,clips/horse/0XbqnVocHNE_30/full_10s.wav
0YfaLaSxSVE,30.0,horse,audioset,0.7960426807403564,0.0,0.24240991473197937,8,0.0,clips/horse/0YfaLaSxSVE_30/audio.wav,clips/horse/0YfaLaSxSVE_30/full_10s.wav
0aeSZM5udRU,170.0,horse,audioset,0.2746295630931854,6.5,0.27243489027023315,4,0.0,clips/horse/0aeSZM5udRU_170/audio.wav,clips/horse/0aeSZM5udRU_170/full_10s.wav
0bISD6Q8cQs,30.0,horse,audioset+vggsound,0.9654753804206848,0.0,0.264743447303772,5,0.0,clips/horse/0bISD6Q8cQs_30/audio.wav,clips/horse/0bISD6Q8cQs_30/full_10s.wav
0bo80EY9R1c,30.0,horse,audioset+vggsound,0.6075788736343384,0.5,0.29433131217956543,7,0.0,clips/horse/0bo80EY9R1c_30/audio.wav,clips/horse/0bo80EY9R1c_30/full_10s.wav
0d5Y3zRJJkw,5.0,horse,audioset+vggsound,0.9278119802474976,2.5,0.276967853307724,8,0.0,clips/horse/0d5Y3zRJJkw_5/audio.wav,clips/horse/0d5Y3zRJJkw_5/full_10s.wav
0dmBSGaJXDA,0.0,horse,audioset,0.8483651876449585,2.0,0.27220872044563293,4,0.0,clips/horse/0dmBSGaJXDA_0/audio.wav,clips/horse/0dmBSGaJXDA_0/full_10s.wav
0dsiF9KUpLo,10.0,horse,audioset,0.7750032544136047,1.5,0.27735140919685364,9,0.0,clips/horse/0dsiF9KUpLo_10/audio.wav,clips/horse/0dsiF9KUpLo_10/full_10s.wav
0e4h1ETgh3o,30.0,horse,audioset,0.9747551083564758,6.5,0.2839985489845276,0,0.0,clips/horse/0e4h1ETgh3o_30/audio.wav,clips/horse/0e4h1ETgh3o_30/full_10s.wav
0e_96pcTzKQ,30.0,horse,audioset+vggsound,0.5124508142471313,6.5,0.26462405920028687,8,0.0,clips/horse/0e_96pcTzKQ_30/audio.wav,clips/horse/0e_96pcTzKQ_30/full_10s.wav
0hsJOBB8OOg,30.0,horse,audioset,0.9061449766159058,4.0,0.2650289237499237,9,0.0,clips/horse/0hsJOBB8OOg_30/audio.wav,clips/horse/0hsJOBB8OOg_30/full_10s.wav
0iYnAmBnPNI,30.0,horse,audioset,0.8832305073738098,6.5,0.2715613842010498,2,0.0,clips/horse/0iYnAmBnPNI_30/audio.wav,clips/horse/0iYnAmBnPNI_30/full_10s.wav
0ibpc5w-1c0,16.0,horse,audioset,0.6811392307281494,0.5,0.2834567427635193,0,0.0,clips/horse/0ibpc5w-1c0_16/audio.wav,clips/horse/0ibpc5w-1c0_16/full_10s.wav
0jMKDTZhtCw,30.0,horse,audioset,0.5160829424858093,1.0,0.27961504459381104,9,0.0,clips/horse/0jMKDTZhtCw_30/audio.wav,clips/horse/0jMKDTZhtCw_30/full_10s.wav
0kY8ORlpsik,30.0,horse,audioset,0.6135268211364746,1.0,0.2742873728275299,8,0.0,clips/horse/0kY8ORlpsik_30/audio.wav,clips/horse/0kY8ORlpsik_30/full_10s.wav
0kiyMO4a3Fk,19.0,horse,audioset,0.7545955181121826,4.0,0.2844679355621338,6,0.0,clips/horse/0kiyMO4a3Fk_19/audio.wav,clips/horse/0kiyMO4a3Fk_19/full_10s.wav
0nvvYKaTFLY,90.0,horse,audioset,0.8122654557228088,5.5,0.2972511947154999,8,0.0,clips/horse/0nvvYKaTFLY_90/audio.wav,clips/horse/0nvvYKaTFLY_90/full_10s.wav
0p9wzxoKz6Y,30.0,horse,audioset,0.8219232559204102,0.5,0.2810605466365814,2,0.0,clips/horse/0p9wzxoKz6Y_30/audio.wav,clips/horse/0p9wzxoKz6Y_30/full_10s.wav
0pU2MvgZzvs,30.0,horse,audioset,0.8452820777893066,0.5,0.27172645926475525,9,0.0,clips/horse/0pU2MvgZzvs_30/audio.wav,clips/horse/0pU2MvgZzvs_30/full_10s.wav
0pjqrfMJuB0,50.0,horse,audioset,0.5011597275733948,1.5,0.28255659341812134,7,0.0,clips/horse/0pjqrfMJuB0_50/audio.wav,clips/horse/0pjqrfMJuB0_50/full_10s.wav
0puCcQWkqXA,16.0,horse,audioset,0.6321151256561279,6.5,0.2796938121318817,6,0.0,clips/horse/0puCcQWkqXA_16/audio.wav,clips/horse/0puCcQWkqXA_16/full_10s.wav
0qXG6bmvExI,0.0,horse,audioset,0.8568418622016907,5.5,0.27979010343551636,7,0.0,clips/horse/0qXG6bmvExI_0/audio.wav,clips/horse/0qXG6bmvExI_0/full_10s.wav
0qlmhspx2QY,30.0,horse,audioset,0.34266141057014465,6.5,0.28700748085975647,3,0.0,clips/horse/0qlmhspx2QY_30/audio.wav,clips/horse/0qlmhspx2QY_30/full_10s.wav
0rT6_dsReRk,30.0,horse,audioset,0.7299249172210693,2.5,0.27320483326911926,9,0.0,clips/horse/0rT6_dsReRk_30/audio.wav,clips/horse/0rT6_dsReRk_30/full_10s.wav
0rbSiUMuVos,30.0,horse,audioset,0.9405995011329651,3.0,0.2762237787246704,0,0.0,clips/horse/0rbSiUMuVos_30/audio.wav,clips/horse/0rbSiUMuVos_30/full_10s.wav
0tJZMK7oS7w,30.0,horse,audioset,0.5230066776275635,1.0,0.2729840576648712,1,0.0,clips/horse/0tJZMK7oS7w_30/audio.wav,clips/horse/0tJZMK7oS7w_30/full_10s.wav
0u89nA_BPoI,30.0,horse,audioset+vggsound,0.7443006634712219,1.5,0.2706910967826843,0,0.0,clips/horse/0u89nA_BPoI_30/audio.wav,clips/horse/0u89nA_BPoI_30/full_10s.wav
0uh482kj4sY,30.0,horse,audioset,0.778182864189148,6.5,0.28966736793518066,7,0.0,clips/horse/0uh482kj4sY_30/audio.wav,clips/horse/0uh482kj4sY_30/full_10s.wav
0vSmiq7CrCk,12.0,horse,vggsound,0.8520845770835876,6.0,0.3089311718940735,8,0.0,clips/horse/0vSmiq7CrCk_12/audio.wav,clips/horse/0vSmiq7CrCk_12/full_10s.wav
0vSmiq7CrCk,16.0,horse,audioset,0.8744609951972961,2.0,0.30890244245529175,4,0.0,clips/horse/0vSmiq7CrCk_16/audio.wav,clips/horse/0vSmiq7CrCk_16/full_10s.wav
0w3XFV4iJ-0,13.0,horse,audioset,0.9487104415893555,0.0,0.2969260513782501,2,0.0,clips/horse/0w3XFV4iJ-0_13/audio.wav,clips/horse/0w3XFV4iJ-0_13/full_10s.wav
0w7mLqR1-IQ,30.0,horse,audioset,0.2552230656147003,4.0,0.28840407729148865,5,0.0,clips/horse/0w7mLqR1-IQ_30/audio.wav,clips/horse/0w7mLqR1-IQ_30/full_10s.wav
0wnX7iNlLlA,30.0,horse,audioset,0.2598831057548523,0.5,0.2740976810455322,7,0.0,clips/horse/0wnX7iNlLlA_30/audio.wav,clips/horse/0wnX7iNlLlA_30/full_10s.wav
0x9YSFBhFbM,80.0,horse,audioset,0.6383405327796936,0.0,0.28068849444389343,5,0.0,clips/horse/0x9YSFBhFbM_80/audio.wav,clips/horse/0x9YSFBhFbM_80/full_10s.wav
0y6GuTFwHT8,10.0,horse,audioset,0.4414045214653015,0.0,0.29083317518234253,2,0.0,clips/horse/0y6GuTFwHT8_10/audio.wav,clips/horse/0y6GuTFwHT8_10/full_10s.wav
0yi_TPU7aJE,30.0,horse,audioset,0.7450263500213623,6.0,0.2751389145851135,9,0.0,clips/horse/0yi_TPU7aJE_30/audio.wav,clips/horse/0yi_TPU7aJE_30/full_10s.wav
0zTXYIo3ljg,30.0,horse,audioset,0.8759254217147827,0.5,0.2972899079322815,8,0.0,clips/horse/0zTXYIo3ljg_30/audio.wav,clips/horse/0zTXYIo3ljg_30/full_10s.wav
1--GDPNSdlk,9.0,horse,audioset+vggsound,0.8940161466598511,6.0,0.2558705508708954,0,0.0,clips/horse/1--GDPNSdlk_9/audio.wav,clips/horse/1--GDPNSdlk_9/full_10s.wav
1-VF8a0kC5U,30.0,horse,audioset,0.44843217730522156,6.0,0.30335497856140137,5,0.0,clips/horse/1-VF8a0kC5U_30/audio.wav,clips/horse/1-VF8a0kC5U_30/full_10s.wav
1-wF7Qlxds0,30.0,horse,audioset,0.2968657612800598,6.5,0.28245222568511963,0,0.0,clips/horse/1-wF7Qlxds0_30/audio.wav,clips/horse/1-wF7Qlxds0_30/full_10s.wav
11p3k7duyKc,30.0,horse,audioset,0.918735682964325,1.5,0.2724305987358093,9,0.0,clips/horse/11p3k7duyKc_30/audio.wav,clips/horse/11p3k7duyKc_30/full_10s.wav
126AbihZt28,9.0,horse,audioset+vggsound,0.6153011918067932,1.0,0.26297515630722046,6,0.0,clips/horse/126AbihZt28_9/audio.wav,clips/horse/126AbihZt28_9/full_10s.wav
14Mw4w_2zeQ,30.0,horse,audioset,0.36447662115097046,3.5,0.2684820890426636,4,0.0,clips/horse/14Mw4w_2zeQ_30/audio.wav,clips/horse/14Mw4w_2zeQ_30/full_10s.wav
14ZSZeRJiG4,300.0,horse,audioset,0.4585917890071869,0.5,0.28237342834472656,8,0.0,clips/horse/14ZSZeRJiG4_300/audio.wav,clips/horse/14ZSZeRJiG4_300/full_10s.wav
14c4OTyjAgk,30.0,horse,audioset,0.7784080505371094,5.0,0.2673071622848511,8,0.0,clips/horse/14c4OTyjAgk_30/audio.wav,clips/horse/14c4OTyjAgk_30/full_10s.wav
14jcqHjMXcI,0.0,horse,audioset+vggsound,0.5529314875602722,3.0,0.2519925832748413,1,0.0,clips/horse/14jcqHjMXcI_0/audio.wav,clips/horse/14jcqHjMXcI_0/full_10s.wav
15MbxPQg9Yg,30.0,horse,audioset+vggsound,0.9018844962120056,3.0,0.2659747898578644,5,0.0,clips/horse/15MbxPQg9Yg_30/audio.wav,clips/horse/15MbxPQg9Yg_30/full_10s.wav
15zkG9rNDx4,23.0,horse,audioset+vggsound,0.9789614677429199,0.0,0.28274810314178467,5,0.0,clips/horse/15zkG9rNDx4_23/audio.wav,clips/horse/15zkG9rNDx4_23/full_10s.wav
17Qs8fzt8jU,3.0,horse,audioset+vggsound,0.7317834496498108,3.0,0.2836526930332184,5,0.0,clips/horse/17Qs8fzt8jU_3/audio.wav,clips/horse/17Qs8fzt8jU_3/full_10s.wav
190Psk1FZEc,32.0,horse,vggsound,0.8771377801895142,3.0,0.2673284411430359,4,0.0,clips/horse/190Psk1FZEc_32/audio.wav,clips/horse/190Psk1FZEc_32/full_10s.wav
190Psk1FZEc,93.0,horse,vggsound,0.9910915493965149,3.0,0.28017866611480713,0,0.0,clips/horse/190Psk1FZEc_93/audio.wav,clips/horse/190Psk1FZEc_93/full_10s.wav
1AK0OPC8zg4,30.0,horse,audioset,0.8615833520889282,6.0,0.27230697870254517,0,0.0,clips/horse/1AK0OPC8zg4_30/audio.wav,clips/horse/1AK0OPC8zg4_30/full_10s.wav
1AdsB3W-z6o,30.0,horse,audioset,0.41418221592903137,1.0,0.29014748334884644,1,0.0,clips/horse/1AdsB3W-z6o_30/audio.wav,clips/horse/1AdsB3W-z6o_30/full_10s.wav
1AeaGntmKn8,200.0,horse,audioset+vggsound,0.9741268754005432,0.5,0.2789493799209595,7,0.0,clips/horse/1AeaGntmKn8_200/audio.wav,clips/horse/1AeaGntmKn8_200/full_10s.wav
1Ba3Hm-PbwI,30.0,horse,audioset,0.9481589794158936,5.0,0.23935413360595703,0,0.0,clips/horse/1Ba3Hm-PbwI_30/audio.wav,clips/horse/1Ba3Hm-PbwI_30/full_10s.wav
1Bj4gCz6cYs,280.0,horse,audioset,0.8938486576080322,4.5,0.27721816301345825,5,0.0,clips/horse/1Bj4gCz6cYs_280/audio.wav,clips/horse/1Bj4gCz6cYs_280/full_10s.wav
1CCcOsKG4To,15.0,horse,audioset,0.4390980303287506,4.5,0.26653945446014404,8,0.0,clips/horse/1CCcOsKG4To_15/audio.wav,clips/horse/1CCcOsKG4To_15/full_10s.wav
1CrJb4g3ZIU,30.0,horse,audioset+vggsound,0.38384655117988586,4.0,0.2829012870788574,9,0.0,clips/horse/1CrJb4g3ZIU_30/audio.wav,clips/horse/1CrJb4g3ZIU_30/full_10s.wav
1DlWahZj3Lg,30.0,horse,audioset,0.8521321415901184,1.0,0.2767098844051361,2,0.0,clips/horse/1DlWahZj3Lg_30/audio.wav,clips/horse/1DlWahZj3Lg_30/full_10s.wav
1E22O3_rDOk,29.0,horse,audioset,0.3111134171485901,0.0,0.2677942216396332,4,0.0,clips/horse/1E22O3_rDOk_29/audio.wav,clips/horse/1E22O3_rDOk_29/full_10s.wav
1F4T5wUB064,80.0,horse,audioset,0.3396427035331726,0.5,0.27104222774505615,2,0.0,clips/horse/1F4T5wUB064_80/audio.wav,clips/horse/1F4T5wUB064_80/full_10s.wav
1G20_5e_WgI,30.0,horse,audioset+vggsound,0.7419477105140686,3.0,0.2718133330345154,2,0.0,clips/horse/1G20_5e_WgI_30/audio.wav,clips/horse/1G20_5e_WgI_30/full_10s.wav
1GMxOlL8z_w,30.0,horse,audioset+vggsound,0.8520650863647461,0.0,0.2784840762615204,5,0.0,clips/horse/1GMxOlL8z_w_30/audio.wav,clips/horse/1GMxOlL8z_w_30/full_10s.wav
1HBpQPSiBfw,20.0,horse,audioset,0.5102207660675049,1.0,0.29925256967544556,9,0.0,clips/horse/1HBpQPSiBfw_20/audio.wav,clips/horse/1HBpQPSiBfw_20/full_10s.wav
1HSic6L-wtE,30.0,horse,audioset+vggsound,0.8598683476448059,0.5,0.24285942316055298,0,0.0,clips/horse/1HSic6L-wtE_30/audio.wav,clips/horse/1HSic6L-wtE_30/full_10s.wav
1HjXoB2mBCI,30.0,horse,audioset,0.6513997912406921,1.0,0.2707676589488983,0,0.0,clips/horse/1HjXoB2mBCI_30/audio.wav,clips/horse/1HjXoB2mBCI_30/full_10s.wav
1ID2Zif6okE,30.0,horse,audioset+vggsound,0.7993518710136414,5.0,0.28068429231643677,9,0.0,clips/horse/1ID2Zif6okE_30/audio.wav,clips/horse/1ID2Zif6okE_30/full_10s.wav
1JHDfr1tCsA,30.0,horse,audioset+vggsound,0.7616075873374939,6.5,0.2680041790008545,0,0.0,clips/horse/1JHDfr1tCsA_30/audio.wav,clips/horse/1JHDfr1tCsA_30/full_10s.wav
1MSO-Fh1Zxc,30.0,horse,audioset,0.745377242565155,3.5,0.2795616388320923,4,0.0,clips/horse/1MSO-Fh1Zxc_30/audio.wav,clips/horse/1MSO-Fh1Zxc_30/full_10s.wav
1Mn746Z3z64,80.0,horse,audioset,0.6383546590805054,1.5,0.29726046323776245,6,0.0,clips/horse/1Mn746Z3z64_80/audio.wav,clips/horse/1Mn746Z3z64_80/full_10s.wav
1NODlkdgDxI,2.0,horse,audioset,0.9159371852874756,3.5,0.2335454523563385,1,0.0,clips/horse/1NODlkdgDxI_2/audio.wav,clips/horse/1NODlkdgDxI_2/full_10s.wav
1OB2TC-aAqY,30.0,horse,audioset+vggsound,0.9175942540168762,5.5,0.27044546604156494,7,0.0,clips/horse/1OB2TC-aAqY_30/audio.wav,clips/horse/1OB2TC-aAqY_30/full_10s.wav
1PVQpJRKSmc,0.0,horse,audioset,0.8678589463233948,4.5,0.2815462052822113,4,0.0,clips/horse/1PVQpJRKSmc_0/audio.wav,clips/horse/1PVQpJRKSmc_0/full_10s.wav
1PautSk61OA,30.0,horse,audioset,0.4546087980270386,5.0,0.27774691581726074,7,0.0,clips/horse/1PautSk61OA_30/audio.wav,clips/horse/1PautSk61OA_30/full_10s.wav
1QtuhxJPetc,30.0,horse,audioset,0.987108051776886,5.0,0.2721392512321472,0,0.0,clips/horse/1QtuhxJPetc_30/audio.wav,clips/horse/1QtuhxJPetc_30/full_10s.wav
1TRfYi0AYpY,30.0,horse,audioset,0.662133514881134,0.0,0.2754979729652405,3,0.0,clips/horse/1TRfYi0AYpY_30/audio.wav,clips/horse/1TRfYi0AYpY_30/full_10s.wav
1ThR5mxcU6k,14.0,horse,audioset+vggsound,0.8198829889297485,3.0,0.28806787729263306,3,0.0,clips/horse/1ThR5mxcU6k_14/audio.wav,clips/horse/1ThR5mxcU6k_14/full_10s.wav
1VA1HlxgKm4,19.0,horse,audioset+vggsound,0.8577616810798645,6.0,0.28322911262512207,6,0.0,clips/horse/1VA1HlxgKm4_19/audio.wav,clips/horse/1VA1HlxgKm4_19/full_10s.wav
1VAPml33Ymc,30.0,horse,audioset+vggsound,0.9912131428718567,3.5,0.2834359109401703,4,0.0,clips/horse/1VAPml33Ymc_30/audio.wav,clips/horse/1VAPml33Ymc_30/full_10s.wav
1WdkjCjtoHA,30.0,horse,audioset,0.6688506007194519,0.0,0.2693464756011963,2,0.0,clips/horse/1WdkjCjtoHA_30/audio.wav,clips/horse/1WdkjCjtoHA_30/full_10s.wav
1X-0X1gbZvM,30.0,horse,audioset+vggsound,0.6836600303649902,0.0,0.2690170109272003,2,0.0,clips/horse/1X-0X1gbZvM_30/audio.wav,clips/horse/1X-0X1gbZvM_30/full_10s.wav
1X5JrJwNOZw,30.0,horse,audioset+vggsound,0.950903058052063,0.5,0.278258740901947,4,0.0,clips/horse/1X5JrJwNOZw_30/audio.wav,clips/horse/1X5JrJwNOZw_30/full_10s.wav
1X8QIJhEl3U,30.0,horse,audioset,0.5807945728302002,0.5,0.26339268684387207,3,0.0,clips/horse/1X8QIJhEl3U_30/audio.wav,clips/horse/1X8QIJhEl3U_30/full_10s.wav
1aHUOIAag5I,30.0,horse,audioset,0.2833351492881775,3.5,0.25874975323677063,2,0.0,clips/horse/1aHUOIAag5I_30/audio.wav,clips/horse/1aHUOIAag5I_30/full_10s.wav
1aPg2P5ynlE,30.0,horse,audioset+vggsound,0.5664575695991516,2.5,0.2787097692489624,9,0.0,clips/horse/1aPg2P5ynlE_30/audio.wav,clips/horse/1aPg2P5ynlE_30/full_10s.wav
1aTEFAoXhiM,0.0,horse,audioset,0.6940093636512756,2.0,0.3045003116130829,3,0.0,clips/horse/1aTEFAoXhiM_0/audio.wav,clips/horse/1aTEFAoXhiM_0/full_10s.wav
1bRdze0cNTw,30.0,horse,audioset,0.36222049593925476,5.5,0.30204808712005615,5,0.0,clips/horse/1bRdze0cNTw_30/audio.wav,clips/horse/1bRdze0cNTw_30/full_10s.wav
1bq8db5yJ8c,13.0,horse,vggsound,0.9909951090812683,6.5,0.2809429466724396,4,0.0,clips/horse/1bq8db5yJ8c_13/audio.wav,clips/horse/1bq8db5yJ8c_13/full_10s.wav
1caRZ37GxFk,30.0,horse,audioset,0.625950038433075,2.5,0.26258984208106995,3,0.0,clips/horse/1caRZ37GxFk_30/audio.wav,clips/horse/1caRZ37GxFk_30/full_10s.wav
1dOMznoeYZk,9.0,horse,audioset,0.2902425229549408,3.0,0.27645355463027954,1,0.0,clips/horse/1dOMznoeYZk_9/audio.wav,clips/horse/1dOMznoeYZk_9/full_10s.wav
1dzHeBGZ6zA,10.0,horse,audioset,0.9553656578063965,1.0,0.2964968979358673,4,0.0,clips/horse/1dzHeBGZ6zA_10/audio.wav,clips/horse/1dzHeBGZ6zA_10/full_10s.wav
1eqiYbDPlbg,30.0,horse,audioset,0.45863980054855347,2.5,0.28476080298423767,5,0.0,clips/horse/1eqiYbDPlbg_30/audio.wav,clips/horse/1eqiYbDPlbg_30/full_10s.wav
1fBKftEVXRA,30.0,horse,audioset+vggsound,0.9381536841392517,4.5,0.2964113652706146,2,0.0,clips/horse/1fBKftEVXRA_30/audio.wav,clips/horse/1fBKftEVXRA_30/full_10s.wav
1iiFj83VI7M,0.0,horse,audioset,0.9039487242698669,3.5,0.27709147334098816,5,0.0,clips/horse/1iiFj83VI7M_0/audio.wav,clips/horse/1iiFj83VI7M_0/full_10s.wav
1iwrtZfK44Q,30.0,horse,audioset,0.4436405897140503,1.0,0.28874385356903076,4,0.0,clips/horse/1iwrtZfK44Q_30/audio.wav,clips/horse/1iwrtZfK44Q_30/full_10s.wav
1kq1ae4h5qI,30.0,horse,audioset,0.37060511112213135,1.0,0.27868005633354187,9,0.0,clips/horse/1kq1ae4h5qI_30/audio.wav,clips/horse/1kq1ae4h5qI_30/full_10s.wav
1l2T4rcLEKU,6.0,horse,audioset,0.8454508185386658,0.5,0.28235912322998047,6,0.0,clips/horse/1l2T4rcLEKU_6/audio.wav,clips/horse/1l2T4rcLEKU_6/full_10s.wav
1loj2-BrQRQ,10.0,horse,audioset,0.7722344398498535,1.0,0.26893678307533264,0,0.0,clips/horse/1loj2-BrQRQ_10/audio.wav,clips/horse/1loj2-BrQRQ_10/full_10s.wav
1ni2n7qcjDI,30.0,horse,audioset+vggsound,0.8521808981895447,0.0,0.2561108469963074,0,0.0,clips/horse/1ni2n7qcjDI_30/audio.wav,clips/horse/1ni2n7qcjDI_30/full_10s.wav
1nkoztlz-R0,30.0,horse,audioset,0.9170549511909485,3.0,0.26411712169647217,2,0.0,clips/horse/1nkoztlz-R0_30/audio.wav,clips/horse/1nkoztlz-R0_30/full_10s.wav
1ostLWrzAYk,30.0,horse,audioset,0.3634481132030487,0.0,0.26692482829093933,3,0.0,clips/horse/1ostLWrzAYk_30/audio.wav,clips/horse/1ostLWrzAYk_30/full_10s.wav
1qco1jJmKu0,18.0,horse,audioset,0.8905403017997742,4.5,0.26868748664855957,3,0.0,clips/horse/1qco1jJmKu0_18/audio.wav,clips/horse/1qco1jJmKu0_18/full_10s.wav
1s5eqhfPIqw,30.0,horse,audioset+vggsound,0.9921695590019226,4.5,0.27427148818969727,6,0.0,clips/horse/1s5eqhfPIqw_30/audio.wav,clips/horse/1s5eqhfPIqw_30/full_10s.wav
1tAwK_nixFE,30.0,horse,audioset+vggsound,0.6191811561584473,4.0,0.28439611196517944,3,0.0,clips/horse/1tAwK_nixFE_30/audio.wav,clips/horse/1tAwK_nixFE_30/full_10s.wav
1ttF6q6DbGA,24.0,horse,vggsound,0.8353959321975708,3.5,0.2513889670372009,3,0.0,clips/horse/1ttF6q6DbGA_24/audio.wav,clips/horse/1ttF6q6DbGA_24/full_10s.wav
1uzm-wSIKzo,30.0,horse,audioset+vggsound,0.6971240043640137,0.0,0.2764221727848053,6,0.0,clips/horse/1uzm-wSIKzo_30/audio.wav,clips/horse/1uzm-wSIKzo_30/full_10s.wav
1vIeAq7LWJ4,30.0,horse,audioset,0.9421326518058777,6.5,0.27105462551116943,3,0.0,clips/horse/1vIeAq7LWJ4_30/audio.wav,clips/horse/1vIeAq7LWJ4_30/full_10s.wav
1xTvYIgPwm4,26.0,horse,audioset,0.9711659550666809,6.0,0.2793775498867035,0,0.0,clips/horse/1xTvYIgPwm4_26/audio.wav,clips/horse/1xTvYIgPwm4_26/full_10s.wav
1xiWeWHN8BU,21.0,horse,audioset+vggsound,0.9741891026496887,1.5,0.2879514694213867,0,0.0,clips/horse/1xiWeWHN8BU_21/audio.wav,clips/horse/1xiWeWHN8BU_21/full_10s.wav
1yrXPu20IRc,0.0,horse,audioset,0.8331314325332642,0.5,0.2834470868110657,0,0.0,clips/horse/1yrXPu20IRc_0/audio.wav,clips/horse/1yrXPu20IRc_0/full_10s.wav
1zT7ARLrGYg,12.0,horse,audioset+vggsound,0.5269200801849365,4.5,0.2802658677101135,4,0.0,clips/horse/1zT7ARLrGYg_12/audio.wav,clips/horse/1zT7ARLrGYg_12/full_10s.wav
2-XyhH4bK5c,30.0,horse,audioset,0.31458112597465515,1.5,0.2844424247741699,1,0.0,clips/horse/2-XyhH4bK5c_30/audio.wav,clips/horse/2-XyhH4bK5c_30/full_10s.wav
20DhdhOsUbU,30.0,horse,audioset,0.31951606273651123,3.5,0.26083025336265564,8,0.0,clips/horse/20DhdhOsUbU_30/audio.wav,clips/horse/20DhdhOsUbU_30/full_10s.wav
20winqCMz5Q,30.0,horse,audioset,0.2961174547672272,5.0,0.27483317255973816,1,0.0,clips/horse/20winqCMz5Q_30/audio.wav,clips/horse/20winqCMz5Q_30/full_10s.wav
23MJysqoBEw,11.0,horse,audioset+vggsound,0.5935718417167664,4.5,0.2817838191986084,1,0.0,clips/horse/23MJysqoBEw_11/audio.wav,clips/horse/23MJysqoBEw_11/full_10s.wav
24e0Mq1kSvI,30.0,horse,audioset,0.8917437791824341,3.5,0.28066593408584595,1,0.0,clips/horse/24e0Mq1kSvI_30/audio.wav,clips/horse/24e0Mq1kSvI_30/full_10s.wav
24s-IJkY8SU,30.0,horse,audioset,0.9466414451599121,5.5,0.2927938401699066,8,0.0,clips/horse/24s-IJkY8SU_30/audio.wav,clips/horse/24s-IJkY8SU_30/full_10s.wav
24wb6efOb4w,30.0,horse,audioset,0.41654181480407715,6.0,0.29675692319869995,1,0.0,clips/horse/24wb6efOb4w_30/audio.wav,clips/horse/24wb6efOb4w_30/full_10s.wav
25zaWF6woiY,30.0,horse,audioset+vggsound,0.6930238008499146,0.5,0.2893500328063965,8,0.0,clips/horse/25zaWF6woiY_30/audio.wav,clips/horse/25zaWF6woiY_30/full_10s.wav
2707wKpFKNU,30.0,horse,audioset+vggsound,0.9381894469261169,1.5,0.29009532928466797,1,0.0,clips/horse/2707wKpFKNU_30/audio.wav,clips/horse/2707wKpFKNU_30/full_10s.wav
28YOX5VDFSY,30.0,horse,audioset,0.6196231842041016,5.0,0.2681736350059509,9,0.0,clips/horse/28YOX5VDFSY_30/audio.wav,clips/horse/28YOX5VDFSY_30/full_10s.wav
29i-sN4y4ik,30.0,horse,audioset,0.6381232142448425,6.5,0.2732364535331726,8,0.0,clips/horse/29i-sN4y4ik_30/audio.wav,clips/horse/29i-sN4y4ik_30/full_10s.wav
2AZS0YPd2hI,50.0,horse,audioset,0.7732422947883606,4.5,0.265252947807312,4,0.0,clips/horse/2AZS0YPd2hI_50/audio.wav,clips/horse/2AZS0YPd2hI_50/full_10s.wav
2D1FSvbgw5g,14.0,horse,audioset,0.5907779335975647,0.5,0.2762448489665985,2,0.0,clips/horse/2D1FSvbgw5g_14/audio.wav,clips/horse/2D1FSvbgw5g_14/full_10s.wav
2DmbPAlalPI,3.0,horse,audioset+vggsound,0.8041333556175232,0.5,0.28256428241729736,1,0.0,clips/horse/2DmbPAlalPI_3/audio.wav,clips/horse/2DmbPAlalPI_3/full_10s.wav
2F2-t2MfOZw,30.0,horse,audioset+vggsound,0.27892041206359863,6.0,0.27756136655807495,1,0.0,clips/horse/2F2-t2MfOZw_30/audio.wav,clips/horse/2F2-t2MfOZw_30/full_10s.wav
2FMEwnjeSRs,13.0,horse,audioset+vggsound,0.8821189403533936,2.0,0.27006813883781433,8,0.0,clips/horse/2FMEwnjeSRs_13/audio.wav,clips/horse/2FMEwnjeSRs_13/full_10s.wav
2FQ7nRoKPrk,30.0,horse,audioset,0.3866621255874634,0.0,0.27144095301628113,2,0.0,clips/horse/2FQ7nRoKPrk_30/audio.wav,clips/horse/2FQ7nRoKPrk_30/full_10s.wav
2FTLsqF4or0,30.0,horse,audioset,0.5947055816650391,3.0,0.25011464953422546,8,0.0,clips/horse/2FTLsqF4or0_30/audio.wav,clips/horse/2FTLsqF4or0_30/full_10s.wav
2G2H1jm58XU,30.0,horse,audioset+vggsound,0.9269559383392334,4.0,0.2894298732280731,3,0.0,clips/horse/2G2H1jm58XU_30/audio.wav,clips/horse/2G2H1jm58XU_30/full_10s.wav
2HCu_qeYJr8,30.0,horse,audioset+vggsound,0.847019374370575,4.0,0.29860857129096985,7,0.0,clips/horse/2HCu_qeYJr8_30/audio.wav,clips/horse/2HCu_qeYJr8_30/full_10s.wav
2H_bZdzGka8,30.0,horse,audioset,0.8633385300636292,0.0,0.2553970217704773,7,0.0,clips/horse/2H_bZdzGka8_30/audio.wav,clips/horse/2H_bZdzGka8_30/full_10s.wav
2JIil_VQ9hs,20.0,horse,audioset,0.6176955103874207,0.0,0.2711681127548218,5,0.0,clips/horse/2JIil_VQ9hs_20/audio.wav,clips/horse/2JIil_VQ9hs_20/full_10s.wav
2KK9MldzvzE,20.0,horse,audioset,0.9474960565567017,6.0,0.2491815686225891,6,0.0,clips/horse/2KK9MldzvzE_20/audio.wav,clips/horse/2KK9MldzvzE_20/full_10s.wav
2LAnO_WlMBY,30.0,horse,audioset+vggsound,0.2582447826862335,4.5,0.2842828929424286,5,0.0,clips/horse/2LAnO_WlMBY_30/audio.wav,clips/horse/2LAnO_WlMBY_30/full_10s.wav
2LDloLm_qQs,30.0,horse,audioset,0.9281585812568665,6.5,0.2855929434299469,6,0.0,clips/horse/2LDloLm_qQs_30/audio.wav,clips/horse/2LDloLm_qQs_30/full_10s.wav
2LntgkGpR84,30.0,horse,audioset,0.6226025223731995,6.0,0.27152320742607117,7,0.0,clips/horse/2LntgkGpR84_30/audio.wav,clips/horse/2LntgkGpR84_30/full_10s.wav
2Neodrhahxk,8.0,horse,audioset,0.2925907075405121,1.0,0.26708921790122986,0,0.0,clips/horse/2Neodrhahxk_8/audio.wav,clips/horse/2Neodrhahxk_8/full_10s.wav
2NuTGKG8gTM,30.0,horse,audioset+vggsound,0.8822086453437805,5.0,0.2947176396846771,3,0.0,clips/horse/2NuTGKG8gTM_30/audio.wav,clips/horse/2NuTGKG8gTM_30/full_10s.wav
2O-OX4gVFU0,2.0,horse,audioset,0.891900897026062,2.0,0.30494001507759094,5,0.0,clips/horse/2O-OX4gVFU0_2/audio.wav,clips/horse/2O-OX4gVFU0_2/full_10s.wav
2ORYhjooOxM,30.0,horse,audioset+vggsound,0.875450611114502,2.0,0.279158353805542,2,0.0,clips/horse/2ORYhjooOxM_30/audio.wav,clips/horse/2ORYhjooOxM_30/full_10s.wav
2PGB1CVAzfs,30.0,horse,audioset,0.3440096974372864,2.0,0.2741314768791199,2,0.0,clips/horse/2PGB1CVAzfs_30/audio.wav,clips/horse/2PGB1CVAzfs_30/full_10s.wav
2QO1_tbYW-Q,30.0,horse,audioset,0.35241028666496277,4.0,0.2821546792984009,2,0.0,clips/horse/2QO1_tbYW-Q_30/audio.wav,clips/horse/2QO1_tbYW-Q_30/full_10s.wav
2QsWqMg_j08,30.0,horse,audioset,0.5144162774085999,2.5,0.284730464220047,5,0.0,clips/horse/2QsWqMg_j08_30/audio.wav,clips/horse/2QsWqMg_j08_30/full_10s.wav
2QvTL9VZFX0,3.0,horse,audioset+vggsound,0.5644914507865906,0.0,0.2748052775859833,2,0.0,clips/horse/2QvTL9VZFX0_3/audio.wav,clips/horse/2QvTL9VZFX0_3/full_10s.wav
2RHEINF2jEo,3.0,horse,audioset,0.9424262046813965,3.0,0.2616037130355835,5,0.0,clips/horse/2RHEINF2jEo_3/audio.wav,clips/horse/2RHEINF2jEo_3/full_10s.wav
2Thh7HeFKuk,30.0,horse,audioset+vggsound,0.5750611424446106,3.5,0.28607189655303955,5,0.0,clips/horse/2Thh7HeFKuk_30/audio.wav,clips/horse/2Thh7HeFKuk_30/full_10s.wav
2UyEMJqGaEQ,30.0,horse,audioset,0.8619280457496643,3.0,0.2668795883655548,2,0.0,clips/horse/2UyEMJqGaEQ_30/audio.wav,clips/horse/2UyEMJqGaEQ_30/full_10s.wav
2VDw_OhyTCU,21.0,horse,audioset+vggsound,0.6801756620407104,4.0,0.2815084457397461,7,0.0,clips/horse/2VDw_OhyTCU_21/audio.wav,clips/horse/2VDw_OhyTCU_21/full_10s.wav
2VoUyhYSPsI,30.0,horse,audioset+vggsound,0.38211607933044434,0.0,0.28990572690963745,1,0.0,clips/horse/2VoUyhYSPsI_30/audio.wav,clips/horse/2VoUyhYSPsI_30/full_10s.wav
2Vx4iSK_M8c,28.0,horse,audioset+vggsound,0.8486403822898865,0.5,0.2709277272224426,5,0.0,clips/horse/2Vx4iSK_M8c_28/audio.wav,clips/horse/2Vx4iSK_M8c_28/full_10s.wav
2Yi4Z9-cuiE,9.0,horse,vggsound,0.3166186213493347,0.0,0.26988863945007324,7,0.0,clips/horse/2Yi4Z9-cuiE_9/audio.wav,clips/horse/2Yi4Z9-cuiE_9/full_10s.wav
2a6LG0QxxMU,30.0,horse,audioset,0.5139251351356506,0.0,0.2686408460140228,4,0.0,clips/horse/2a6LG0QxxMU_30/audio.wav,clips/horse/2a6LG0QxxMU_30/full_10s.wav
2a6pB3CYats,30.0,horse,audioset,0.27770107984542847,1.0,0.2601082921028137,9,0.0,clips/horse/2a6pB3CYats_30/audio.wav,clips/horse/2a6pB3CYats_30/full_10s.wav
2aTrYWwu8rA,540.0,horse,audioset,0.3460451066493988,0.0,0.2828514277935028,0,0.0,clips/horse/2aTrYWwu8rA_540/audio.wav,clips/horse/2aTrYWwu8rA_540/full_10s.wav
2b0eM8lWGCQ,30.0,horse,audioset+vggsound,0.9557551145553589,2.0,0.25210902094841003,7,0.0,clips/horse/2b0eM8lWGCQ_30/audio.wav,clips/horse/2b0eM8lWGCQ_30/full_10s.wav
2da6SvWTVks,13.0,horse,audioset+vggsound,0.998444139957428,3.5,0.27674737572669983,8,0.0,clips/horse/2da6SvWTVks_13/audio.wav,clips/horse/2da6SvWTVks_13/full_10s.wav
2ddn9F6osco,30.0,horse,audioset,0.8440234661102295,6.0,0.27838432788848877,1,0.0,clips/horse/2ddn9F6osco_30/audio.wav,clips/horse/2ddn9F6osco_30/full_10s.wav
2eNg6ANiQJA,128.0,horse,vggsound,0.596615195274353,0.0,0.2828681766986847,5,0.0,clips/horse/2eNg6ANiQJA_128/audio.wav,clips/horse/2eNg6ANiQJA_128/full_10s.wav
2eNg6ANiQJA,162.0,horse,vggsound,0.7616269588470459,0.5,0.2798584997653961,4,0.0,clips/horse/2eNg6ANiQJA_162/audio.wav,clips/horse/2eNg6ANiQJA_162/full_10s.wav
2fDdH7EQIN4,5.0,horse,audioset,0.8471577763557434,1.0,0.3044142425060272,9,0.0,clips/horse/2fDdH7EQIN4_5/audio.wav,clips/horse/2fDdH7EQIN4_5/full_10s.wav
2g7Fu7wpjns,50.0,horse,audioset,0.583091676235199,0.0,0.29004377126693726,1,0.0,clips/horse/2g7Fu7wpjns_50/audio.wav,clips/horse/2g7Fu7wpjns_50/full_10s.wav
2gzQ0kt10pE,250.0,horse,audioset+vggsound,0.740484893321991,6.5,0.2767610549926758,0,0.0,clips/horse/2gzQ0kt10pE_250/audio.wav,clips/horse/2gzQ0kt10pE_250/full_10s.wav
2hQDzWMrmK4,30.0,horse,audioset+vggsound,0.51333087682724,0.0,0.2918916940689087,9,0.0,clips/horse/2hQDzWMrmK4_30/audio.wav,clips/horse/2hQDzWMrmK4_30/full_10s.wav
2iUlighrM5A,30.0,horse,audioset,0.4904842972755432,2.0,0.2715487480163574,1,0.0,clips/horse/2iUlighrM5A_30/audio.wav,clips/horse/2iUlighrM5A_30/full_10s.wav
2iaJArIOeAE,21.0,horse,audioset,0.9600847363471985,5.5,0.26280778646469116,3,0.0,clips/horse/2iaJArIOeAE_21/audio.wav,clips/horse/2iaJArIOeAE_21/full_10s.wav
2jKlcQotRB4,22.0,horse,audioset,0.37753069400787354,0.0,0.2723544239997864,5,0.0,clips/horse/2jKlcQotRB4_22/audio.wav,clips/horse/2jKlcQotRB4_22/full_10s.wav
2lIszX4ZAfY,30.0,horse,audioset+vggsound,0.9609569311141968,6.5,0.2859671711921692,5,0.0,clips/horse/2lIszX4ZAfY_30/audio.wav,clips/horse/2lIszX4ZAfY_30/full_10s.wav
2mRdxjsIsaI,30.0,horse,audioset,0.5702595710754395,1.5,0.2746089994907379,1,0.0,clips/horse/2mRdxjsIsaI_30/audio.wav,clips/horse/2mRdxjsIsaI_30/full_10s.wav
2moVu0658HU,29.0,horse,audioset,0.8916255831718445,6.0,0.2617419958114624,1,0.0,clips/horse/2moVu0658HU_29/audio.wav,clips/horse/2moVu0658HU_29/full_10s.wav
2pbX5VxvB-Y,30.0,horse,audioset+vggsound,0.8376544117927551,0.0,0.26706403493881226,7,0.0,clips/horse/2pbX5VxvB-Y_30/audio.wav,clips/horse/2pbX5VxvB-Y_30/full_10s.wav
2pgX-wkJqnk,30.0,horse,audioset,0.2860334515571594,4.5,0.2965284287929535,8,0.0,clips/horse/2pgX-wkJqnk_30/audio.wav,clips/horse/2pgX-wkJqnk_30/full_10s.wav
2pikqXJeOAg,30.0,horse,audioset+vggsound,0.7953939437866211,3.0,0.2692815363407135,2,0.0,clips/horse/2pikqXJeOAg_30/audio.wav,clips/horse/2pikqXJeOAg_30/full_10s.wav
2rTNtCCS3ws,15.0,horse,audioset+vggsound,0.7525368332862854,3.5,0.27879396080970764,2,0.0,clips/horse/2rTNtCCS3ws_15/audio.wav,clips/horse/2rTNtCCS3ws_15/full_10s.wav
2swvx975qSY,0.0,horse,audioset,0.9327145218849182,0.0,0.30740946531295776,7,0.0,clips/horse/2swvx975qSY_0/audio.wav,clips/horse/2swvx975qSY_0/full_10s.wav
2tJxO3dqjs0,30.0,horse,audioset+vggsound,0.8131776452064514,0.0,0.2726787328720093,0,0.0,clips/horse/2tJxO3dqjs0_30/audio.wav,clips/horse/2tJxO3dqjs0_30/full_10s.wav
2w0MwLpH0Yo,27.0,horse,audioset,0.4983745217323303,2.0,0.27286723256111145,6,0.0,clips/horse/2w0MwLpH0Yo_27/audio.wav,clips/horse/2w0MwLpH0Yo_27/full_10s.wav
2w2KITaBD5M,30.0,horse,audioset,0.9310596585273743,4.0,0.2922528386116028,3,0.0,clips/horse/2w2KITaBD5M_30/audio.wav,clips/horse/2w2KITaBD5M_30/full_10s.wav
2w3Tl32aMuc,30.0,horse,audioset,0.41883641481399536,6.5,0.2771243751049042,0,0.0,clips/horse/2w3Tl32aMuc_30/audio.wav,clips/horse/2w3Tl32aMuc_30/full_10s.wav
2xVeA-v4vZQ,30.0,horse,audioset,0.7397759556770325,6.5,0.2765716016292572,9,0.0,clips/horse/2xVeA-v4vZQ_30/audio.wav,clips/horse/2xVeA-v4vZQ_30/full_10s.wav
2yQxhgVzBl4,30.0,horse,audioset+vggsound,0.7799484133720398,0.0,0.2617778778076172,2,0.0,clips/horse/2yQxhgVzBl4_30/audio.wav,clips/horse/2yQxhgVzBl4_30/full_10s.wav
2yelTWUeVOI,0.0,horse,audioset+vggsound,0.9095968008041382,4.0,0.2740110158920288,7,0.0,clips/horse/2yelTWUeVOI_0/audio.wav,clips/horse/2yelTWUeVOI_0/full_10s.wav
3-IoLfXm00U,30.0,horse,audioset,0.8711474537849426,6.5,0.23899106681346893,0,0.0,clips/horse/3-IoLfXm00U_30/audio.wav,clips/horse/3-IoLfXm00U_30/full_10s.wav
3-UpzPPs4ms,25.0,horse,audioset+vggsound,0.7936075329780579,0.0,0.2932629883289337,6,0.0,clips/horse/3-UpzPPs4ms_25/audio.wav,clips/horse/3-UpzPPs4ms_25/full_10s.wav
30PwJUXoI54,24.0,horse,audioset,0.739791214466095,3.0,0.27878308296203613,4,0.0,clips/horse/30PwJUXoI54_24/audio.wav,clips/horse/30PwJUXoI54_24/full_10s.wav
30QcYP-ibP8,30.0,horse,audioset,0.25125014781951904,4.5,0.2831919193267822,2,0.0,clips/horse/30QcYP-ibP8_30/audio.wav,clips/horse/30QcYP-ibP8_30/full_10s.wav
30qO0xQUIcA,30.0,horse,audioset,0.6066144108772278,5.0,0.2890280783176422,5,0.0,clips/horse/30qO0xQUIcA_30/audio.wav,clips/horse/30qO0xQUIcA_30/full_10s.wav
31V8YxVfvZo,30.0,horse,audioset,0.9163498282432556,3.5,0.2802363932132721,0,0.0,clips/horse/31V8YxVfvZo_30/audio.wav,clips/horse/31V8YxVfvZo_30/full_10s.wav
32Ze1OHFeAk,30.0,horse,audioset+vggsound,0.5585055351257324,6.5,0.2696020305156708,7,0.0,clips/horse/32Ze1OHFeAk_30/audio.wav,clips/horse/32Ze1OHFeAk_30/full_10s.wav
33TAattCF-A,30.0,horse,audioset,0.852220356464386,4.0,0.28212442994117737,1,0.0,clips/horse/33TAattCF-A_30/audio.wav,clips/horse/33TAattCF-A_30/full_10s.wav
33sI38jHmNI,160.0,horse,audioset+vggsound,0.6613900065422058,3.0,0.28116920590400696,7,0.0,clips/horse/33sI38jHmNI_160/audio.wav,clips/horse/33sI38jHmNI_160/full_10s.wav
34LA4c312EY,30.0,horse,audioset+vggsound,0.8270272016525269,6.0,0.30227404832839966,1,0.0,clips/horse/34LA4c312EY_30/audio.wav,clips/horse/34LA4c312EY_30/full_10s.wav
34hBS1vWpmE,1.0,horse,audioset+vggsound,0.7778860330581665,3.0,0.27435529232025146,6,0.0,clips/horse/34hBS1vWpmE_1/audio.wav,clips/horse/34hBS1vWpmE_1/full_10s.wav
35Q2IEJVq3Q,21.0,horse,audioset,0.5302003026008606,0.5,0.26618149876594543,3,0.0,clips/horse/35Q2IEJVq3Q_21/audio.wav,clips/horse/35Q2IEJVq3Q_21/full_10s.wav
35c4EPiZ8JM,30.0,horse,audioset+vggsound,0.9085767269134521,2.0,0.2856256663799286,0,0.0,clips/horse/35c4EPiZ8JM_30/audio.wav,clips/horse/35c4EPiZ8JM_30/full_10s.wav
35r9Zwy0XX0,90.0,horse,audioset+vggsound,0.967438280582428,1.0,0.2883831858634949,2,0.0,clips/horse/35r9Zwy0XX0_90/audio.wav,clips/horse/35r9Zwy0XX0_90/full_10s.wav
36pbxE4YvW4,30.0,horse,audioset,0.8761749267578125,2.5,0.2864759862422943,6,0.0,clips/horse/36pbxE4YvW4_30/audio.wav,clips/horse/36pbxE4YvW4_30/full_10s.wav
37bXhxNTyJE,30.0,horse,audioset+vggsound,0.5429722666740417,5.5,0.2840408682823181,5,0.0,clips/horse/37bXhxNTyJE_30/audio.wav,clips/horse/37bXhxNTyJE_30/full_10s.wav
38DF7AKwMQM,30.0,horse,audioset,0.5807245373725891,4.0,0.2706914246082306,3,0.0,clips/horse/38DF7AKwMQM_30/audio.wav,clips/horse/38DF7AKwMQM_30/full_10s.wav
39PRB26zZ6Q,22.0,horse,audioset,0.626729428768158,1.0,0.280551940202713,6,0.0,clips/horse/39PRB26zZ6Q_22/audio.wav,clips/horse/39PRB26zZ6Q_22/full_10s.wav
3CjHHZMwoRs,30.0,horse,audioset,0.7465633153915405,3.5,0.2586822807788849,0,0.0,clips/horse/3CjHHZMwoRs_30/audio.wav,clips/horse/3CjHHZMwoRs_30/full_10s.wav
3F7T1zNfmq4,30.0,horse,audioset,0.6568643450737,3.0,0.2973059415817261,8,0.0,clips/horse/3F7T1zNfmq4_30/audio.wav,clips/horse/3F7T1zNfmq4_30/full_10s.wav
3FGPY4j3Xwg,30.0,horse,audioset,0.8835064768791199,1.0,0.2910122275352478,2,0.0,clips/horse/3FGPY4j3Xwg_30/audio.wav,clips/horse/3FGPY4j3Xwg_30/full_10s.wav
3FIdrvHA2zg,17.0,horse,audioset,0.9124676585197449,1.0,0.2929547429084778,3,0.0,clips/horse/3FIdrvHA2zg_17/audio.wav,clips/horse/3FIdrvHA2zg_17/full_10s.wav
3FaeBt1XPQw,30.0,horse,audioset+vggsound,0.9870160818099976,2.0,0.28609684109687805,7,0.0,clips/horse/3FaeBt1XPQw_30/audio.wav,clips/horse/3FaeBt1XPQw_30/full_10s.wav
3FvKue_6JIE,100.0,horse,audioset,0.8459566831588745,5.5,0.27508702874183655,1,0.0,clips/horse/3FvKue_6JIE_100/audio.wav,clips/horse/3FvKue_6JIE_100/full_10s.wav
3GUoKYMKcDc,30.0,horse,audioset,0.6597826480865479,6.5,0.29855987429618835,9,0.0,clips/horse/3GUoKYMKcDc_30/audio.wav,clips/horse/3GUoKYMKcDc_30/full_10s.wav
3GbIhQLCH9I,16.0,horse,audioset+vggsound,0.91678386926651,0.0,0.2731528580188751,1,0.0,clips/horse/3GbIhQLCH9I_16/audio.wav,clips/horse/3GbIhQLCH9I_16/full_10s.wav
3GvbnMt-BTg,30.0,horse,audioset,0.29566675424575806,0.0,0.2839752435684204,1,0.0,clips/horse/3GvbnMt-BTg_30/audio.wav,clips/horse/3GvbnMt-BTg_30/full_10s.wav
3KPBjJdShZA,30.0,horse,audioset+vggsound,0.6126346588134766,0.0,0.27919405698776245,1,0.0,clips/horse/3KPBjJdShZA_30/audio.wav,clips/horse/3KPBjJdShZA_30/full_10s.wav
3KoEe5gt8U0,70.0,horse,audioset,0.8003477454185486,1.0,0.2728518545627594,8,0.0,clips/horse/3KoEe5gt8U0_70/audio.wav,clips/horse/3KoEe5gt8U0_70/full_10s.wav
3LIYoasGYEk,30.0,horse,audioset,0.6863093972206116,2.0,0.2677735686302185,1,0.0,clips/horse/3LIYoasGYEk_30/audio.wav,clips/horse/3LIYoasGYEk_30/full_10s.wav
3Lt4cNc3row,30.0,horse,audioset+vggsound,0.9441733360290527,2.0,0.2744988203048706,4,0.0,clips/horse/3Lt4cNc3row_30/audio.wav,clips/horse/3Lt4cNc3row_30/full_10s.wav
3O6xeu3t93Y,0.0,horse,audioset,0.9251432418823242,0.0,0.26740166544914246,6,0.0,clips/horse/3O6xeu3t93Y_0/audio.wav,clips/horse/3O6xeu3t93Y_0/full_10s.wav
3PXNSZDwh6A,27.0,horse,audioset+vggsound,0.6223418712615967,4.0,0.26920896768569946,5,0.0,clips/horse/3PXNSZDwh6A_27/audio.wav,clips/horse/3PXNSZDwh6A_27/full_10s.wav
3QjoihWyxFE,10.0,horse,audioset+vggsound,0.7816377282142639,0.0,0.2732812762260437,7,0.0,clips/horse/3QjoihWyxFE_10/audio.wav,clips/horse/3QjoihWyxFE_10/full_10s.wav
3QsMkOMPU_U,30.0,horse,audioset,0.8683756589889526,5.5,0.2905828356742859,6,0.0,clips/horse/3QsMkOMPU_U_30/audio.wav,clips/horse/3QsMkOMPU_U_30/full_10s.wav
3Rbx578p38g,20.0,horse,audioset,0.26014187932014465,4.0,0.28937727212905884,8,0.0,clips/horse/3Rbx578p38g_20/audio.wav,clips/horse/3Rbx578p38g_20/full_10s.wav
3Rnh22kZZO8,30.0,horse,audioset+vggsound,0.9443667531013489,1.0,0.28440970182418823,2,0.0,clips/horse/3Rnh22kZZO8_30/audio.wav,clips/horse/3Rnh22kZZO8_30/full_10s.wav
3TmtKJhYaGo,30.0,horse,audioset,0.6275610327720642,0.5,0.24955719709396362,2,0.0,clips/horse/3TmtKJhYaGo_30/audio.wav,clips/horse/3TmtKJhYaGo_30/full_10s.wav
3Tp6EU_vag0,30.0,horse,audioset,0.786288321018219,1.5,0.275960773229599,9,0.0,clips/horse/3Tp6EU_vag0_30/audio.wav,clips/horse/3Tp6EU_vag0_30/full_10s.wav
3U9pP6tE-SE,30.0,horse,audioset,0.970592200756073,0.0,0.2895721197128296,6,0.0,clips/horse/3U9pP6tE-SE_30/audio.wav,clips/horse/3U9pP6tE-SE_30/full_10s.wav
3VXShWzM8LY,19.0,horse,audioset,0.48000237345695496,1.0,0.279751181602478,9,0.0,clips/horse/3VXShWzM8LY_19/audio.wav,clips/horse/3VXShWzM8LY_19/full_10s.wav
3VatePXXZJA,5.0,horse,audioset,0.9106737971305847,4.5,0.2803466022014618,9,0.0,clips/horse/3VatePXXZJA_5/audio.wav,clips/horse/3VatePXXZJA_5/full_10s.wav
3VrTsL3xVHg,30.0,horse,audioset,0.679527997970581,6.5,0.27095499634742737,4,0.0,clips/horse/3VrTsL3xVHg_30/audio.wav,clips/horse/3VrTsL3xVHg_30/full_10s.wav
3WYQfKy6jvA,23.0,horse,audioset,0.4970060884952545,6.0,0.2574678361415863,6,0.0,clips/horse/3WYQfKy6jvA_23/audio.wav,clips/horse/3WYQfKy6jvA_23/full_10s.wav
3Wro1Hq2GS8,10.0,horse,audioset+vggsound,0.9554790258407593,4.0,0.27693232893943787,0,0.0,clips/horse/3Wro1Hq2GS8_10/audio.wav,clips/horse/3Wro1Hq2GS8_10/full_10s.wav
3XTXhyH8u10,30.0,horse,audioset+vggsound,0.9166014194488525,1.5,0.27480417490005493,5,0.0,clips/horse/3XTXhyH8u10_30/audio.wav,clips/horse/3XTXhyH8u10_30/full_10s.wav
3ZDb-gJu8Kg,14.0,horse,audioset,0.5882038474082947,6.0,0.2577468156814575,6,0.0,clips/horse/3ZDb-gJu8Kg_14/audio.wav,clips/horse/3ZDb-gJu8Kg_14/full_10s.wav
3a9R7fThrDA,0.0,horse,audioset,0.2708817720413208,2.0,0.2820127010345459,3,0.0,clips/horse/3a9R7fThrDA_0/audio.wav,clips/horse/3a9R7fThrDA_0/full_10s.wav
3aV95NFcz7c,0.0,horse,audioset,0.9051563739776611,1.5,0.2820327877998352,4,0.0,clips/horse/3aV95NFcz7c_0/audio.wav,clips/horse/3aV95NFcz7c_0/full_10s.wav
3cc2GDUvdHo,14.0,horse,audioset+vggsound,0.9217512011528015,0.0,0.289948046207428,6,0.0,clips/horse/3cc2GDUvdHo_14/audio.wav,clips/horse/3cc2GDUvdHo_14/full_10s.wav
3d4wo0YHZVw,30.0,horse,audioset+vggsound,0.6243457198143005,1.0,0.28100162744522095,9,0.0,clips/horse/3d4wo0YHZVw_30/audio.wav,clips/horse/3d4wo0YHZVw_30/full_10s.wav
3ecu7xdi4Vg,29.0,horse,audioset+vggsound,0.8447113633155823,5.5,0.2443893551826477,6,0.0,clips/horse/3ecu7xdi4Vg_29/audio.wav,clips/horse/3ecu7xdi4Vg_29/full_10s.wav
3fhxjF8FU9E,30.0,horse,audioset,0.9734413027763367,0.0,0.2979174554347992,9,0.0,clips/horse/3fhxjF8FU9E_30/audio.wav,clips/horse/3fhxjF8FU9E_30/full_10s.wav
3hbOiRQoI5s,2.0,horse,audioset,0.6445567011833191,4.0,0.25538119673728943,2,0.0,clips/horse/3hbOiRQoI5s_2/audio.wav,clips/horse/3hbOiRQoI5s_2/full_10s.wav
3iHc3qeMqn0,30.0,horse,audioset,0.2937856912612915,6.5,0.2643336057662964,3,0.0,clips/horse/3iHc3qeMqn0_30/audio.wav,clips/horse/3iHc3qeMqn0_30/full_10s.wav
3iQ_xRurgS8,30.0,horse,audioset+vggsound,0.9341879487037659,4.5,0.30109164118766785,8,0.0,clips/horse/3iQ_xRurgS8_30/audio.wav,clips/horse/3iQ_xRurgS8_30/full_10s.wav
3i_W0FLIiJc,30.0,horse,audioset,0.5538842678070068,3.5,0.2878628671169281,4,0.0,clips/horse/3i_W0FLIiJc_30/audio.wav,clips/horse/3i_W0FLIiJc_30/full_10s.wav
3jC14BzR4rs,30.0,horse,audioset+vggsound,0.960838258266449,0.0,0.27693915367126465,6,0.0,clips/horse/3jC14BzR4rs_30/audio.wav,clips/horse/3jC14BzR4rs_30/full_10s.wav
3jQpJTn0KXM,10.0,horse,audioset,0.6641554832458496,3.5,0.2673189640045166,8,0.0,clips/horse/3jQpJTn0KXM_10/audio.wav,clips/horse/3jQpJTn0KXM_10/full_10s.wav
3jpAt_madtA,30.0,horse,audioset+vggsound,0.6931055784225464,2.5,0.28093937039375305,4,0.0,clips/horse/3jpAt_madtA_30/audio.wav,clips/horse/3jpAt_madtA_30/full_10s.wav
3jw7Vsb9Ikw,27.0,horse,audioset,0.8984501361846924,3.5,0.276149719953537,1,0.0,clips/horse/3jw7Vsb9Ikw_27/audio.wav,clips/horse/3jw7Vsb9Ikw_27/full_10s.wav
3jzMzHwLLYg,110.0,horse,audioset+vggsound,0.9712112545967102,5.0,0.2682019770145416,9,0.0,clips/horse/3jzMzHwLLYg_110/audio.wav,clips/horse/3jzMzHwLLYg_110/full_10s.wav
3k56M5Jnc8Y,30.0,horse,audioset+vggsound,0.8870416283607483,3.0,0.2811369299888611,5,0.0,clips/horse/3k56M5Jnc8Y_30/audio.wav,clips/horse/3k56M5Jnc8Y_30/full_10s.wav
3kBBQTU1Qss,0.0,horse,audioset,0.6783574819564819,0.5,0.2696584463119507,2,0.0,clips/horse/3kBBQTU1Qss_0/audio.wav,clips/horse/3kBBQTU1Qss_0/full_10s.wav
3m-fB3fQPs4,30.0,horse,audioset,0.858992338180542,3.5,0.272785484790802,3,0.0,clips/horse/3m-fB3fQPs4_30/audio.wav,clips/horse/3m-fB3fQPs4_30/full_10s.wav
3meLT6Fy-Do,30.0,horse,audioset,0.5523748397827148,6.5,0.27215397357940674,2,0.0,clips/horse/3meLT6Fy-Do_30/audio.wav,clips/horse/3meLT6Fy-Do_30/full_10s.wav
3mpsozZ-nek,30.0,horse,audioset,0.46835872530937195,6.5,0.2724057137966156,0,0.0,clips/horse/3mpsozZ-nek_30/audio.wav,clips/horse/3mpsozZ-nek_30/full_10s.wav
3mwpcqHnhN4,30.0,horse,audioset+vggsound,0.7067619562149048,0.5,0.28503426909446716,3,0.0,clips/horse/3mwpcqHnhN4_30/audio.wav,clips/horse/3mwpcqHnhN4_30/full_10s.wav
3oHKKQIp7Ag,30.0,horse,audioset,0.9067395925521851,5.5,0.24400641024112701,0,0.0,clips/horse/3oHKKQIp7Ag_30/audio.wav,clips/horse/3oHKKQIp7Ag_30/full_10s.wav
3oqD11nm7tA,30.0,horse,audioset,0.9589279890060425,2.0,0.26753804087638855,3,0.0,clips/horse/3oqD11nm7tA_30/audio.wav,clips/horse/3oqD11nm7tA_30/full_10s.wav
3ptlEuPhJ-s,30.0,horse,audioset+vggsound,0.9115517735481262,3.0,0.28140339255332947,1,0.0,clips/horse/3ptlEuPhJ-s_30/audio.wav,clips/horse/3ptlEuPhJ-s_30/full_10s.wav
3qNSaQnzWUs,30.0,horse,audioset+vggsound,0.8495588898658752,5.0,0.28285297751426697,8,0.0,clips/horse/3qNSaQnzWUs_30/audio.wav,clips/horse/3qNSaQnzWUs_30/full_10s.wav
3qsR-06UbU0,30.0,horse,audioset,0.41760605573654175,5.5,0.2592926621437073,0,0.0,clips/horse/3qsR-06UbU0_30/audio.wav,clips/horse/3qsR-06UbU0_30/full_10s.wav
3r-pmcY3prQ,180.0,horse,audioset,0.8321937918663025,6.5,0.27678799629211426,5,0.0,clips/horse/3r-pmcY3prQ_180/audio.wav,clips/horse/3r-pmcY3prQ_180/full_10s.wav
3rZvSddDAmw,5.0,horse,audioset,0.3958195149898529,3.0,0.26154425740242004,0,0.0,clips/horse/3rZvSddDAmw_5/audio.wav,clips/horse/3rZvSddDAmw_5/full_10s.wav
3s5FHwyhF-w,70.0,horse,audioset,0.6342594623565674,0.0,0.2802814841270447,9,0.0,clips/horse/3s5FHwyhF-w_70/audio.wav,clips/horse/3s5FHwyhF-w_70/full_10s.wav
3sf-Fa7cZfA,3.0,horse,audioset+vggsound,0.9735548496246338,4.0,0.28420302271842957,1,0.0,clips/horse/3sf-Fa7cZfA_3/audio.wav,clips/horse/3sf-Fa7cZfA_3/full_10s.wav
3sqxDYg4rQU,20.0,horse,audioset,0.5318862795829773,4.5,0.2783004343509674,0,0.0,clips/horse/3sqxDYg4rQU_20/audio.wav,clips/horse/3sqxDYg4rQU_20/full_10s.wav
3u_jigDLn9U,12.0,horse,audioset,0.2859024405479431,5.5,0.26715558767318726,6,0.0,clips/horse/3u_jigDLn9U_12/audio.wav,clips/horse/3u_jigDLn9U_12/full_10s.wav
3uaqlOi8WXU,50.0,horse,audioset,0.8039665818214417,5.0,0.2889135479927063,0,0.0,clips/horse/3uaqlOi8WXU_50/audio.wav,clips/horse/3uaqlOi8WXU_50/full_10s.wav
3vmgcRpqeGc,30.0,horse,audioset+vggsound,0.8959259986877441,0.5,0.2611774504184723,9,0.0,clips/horse/3vmgcRpqeGc_30/audio.wav,clips/horse/3vmgcRpqeGc_30/full_10s.wav
3vsAMbBywW8,30.0,horse,audioset+vggsound,0.6341657042503357,6.5,0.2750902771949768,6,0.0,clips/horse/3vsAMbBywW8_30/audio.wav,clips/horse/3vsAMbBywW8_30/full_10s.wav
3vvoMraEM5Q,30.0,horse,audioset+vggsound,0.829776406288147,4.0,0.30733609199523926,0,0.0,clips/horse/3vvoMraEM5Q_30/audio.wav,clips/horse/3vvoMraEM5Q_30/full_10s.wav
3z9hp4KPcuY,30.0,horse,audioset,0.2578414976596832,4.0,0.2731330096721649,3,0.0,clips/horse/3z9hp4KPcuY_30/audio.wav,clips/horse/3z9hp4KPcuY_30/full_10s.wav
3zIulDv3tok,0.0,horse,audioset,0.31063300371170044,0.0,0.2744210958480835,4,0.0,clips/horse/3zIulDv3tok_0/audio.wav,clips/horse/3zIulDv3tok_0/full_10s.wav
3zXPLeIzqMU,30.0,horse,audioset,0.40108346939086914,5.5,0.2646762430667877,9,0.0,clips/horse/3zXPLeIzqMU_30/audio.wav,clips/horse/3zXPLeIzqMU_30/full_10s.wav
41QyuZpZTGg,6.0,horse,audioset+vggsound,0.8052347898483276,0.0,0.27506715059280396,1,0.0,clips/horse/41QyuZpZTGg_6/audio.wav,clips/horse/41QyuZpZTGg_6/full_10s.wav
42rNDtaLsnU,30.0,horse,audioset,0.9435417652130127,3.0,0.24522045254707336,1,0.0,clips/horse/42rNDtaLsnU_30/audio.wav,clips/horse/42rNDtaLsnU_30/full_10s.wav
42sY0PM9Bts,30.0,horse,audioset,0.6031932234764099,6.5,0.27052396535873413,5,0.0,clips/horse/42sY0PM9Bts_30/audio.wav,clips/horse/42sY0PM9Bts_30/full_10s.wav
43ijm8y4z2o,30.0,horse,audioset+vggsound,0.8871473670005798,4.0,0.25204646587371826,0,0.0,clips/horse/43ijm8y4z2o_30/audio.wav,clips/horse/43ijm8y4z2o_30/full_10s.wav
44DBFfQyFDg,30.0,horse,audioset,0.6170781254768372,2.0,0.2528938055038452,9,0.0,clips/horse/44DBFfQyFDg_30/audio.wav,clips/horse/44DBFfQyFDg_30/full_10s.wav
44cLpCRdyZA,30.0,horse,audioset,0.331815242767334,6.5,0.2503047585487366,9,0.0,clips/horse/44cLpCRdyZA_30/audio.wav,clips/horse/44cLpCRdyZA_30/full_10s.wav
45DcUCZgR50,6.0,horse,audioset,0.2783393859863281,5.0,0.2558721601963043,8,0.0,clips/horse/45DcUCZgR50_6/audio.wav,clips/horse/45DcUCZgR50_6/full_10s.wav
45JTTw83dDE,30.0,horse,audioset+vggsound,0.5067927837371826,0.0,0.28095948696136475,6,0.0,clips/horse/45JTTw83dDE_30/audio.wav,clips/horse/45JTTw83dDE_30/full_10s.wav
47xhc-P6bpo,30.0,horse,audioset,0.9077208638191223,2.0,0.283708781003952,2,0.0,clips/horse/47xhc-P6bpo_30/audio.wav,clips/horse/47xhc-P6bpo_30/full_10s.wav
48oPOrp9Jr0,30.0,horse,audioset,0.44507697224617004,6.5,0.26285430788993835,0,0.0,clips/horse/48oPOrp9Jr0_30/audio.wav,clips/horse/48oPOrp9Jr0_30/full_10s.wav
49EeQmpyIFM,33.0,horse,vggsound,0.9076336622238159,2.5,0.31213822960853577,6,0.0,clips/horse/49EeQmpyIFM_33/audio.wav,clips/horse/49EeQmpyIFM_33/full_10s.wav
49EeQmpyIFM,44.0,horse,vggsound,0.9031146764755249,2.5,0.31807002425193787,8,0.0,clips/horse/49EeQmpyIFM_44/audio.wav,clips/horse/49EeQmpyIFM_44/full_10s.wav
4C6JkAoRyVk,0.0,horse,audioset,0.8897075057029724,2.0,0.24640120565891266,3,0.0,clips/horse/4C6JkAoRyVk_0/audio.wav,clips/horse/4C6JkAoRyVk_0/full_10s.wav
4Cr8qWn9iMw,30.0,horse,audioset+vggsound,0.3619469702243805,5.5,0.28855589032173157,3,0.0,clips/horse/4Cr8qWn9iMw_30/audio.wav,clips/horse/4Cr8qWn9iMw_30/full_10s.wav
4DJ9eXSsfOM,30.0,horse,audioset,0.5436395406723022,5.0,0.2717159390449524,1,0.0,clips/horse/4DJ9eXSsfOM_30/audio.wav,clips/horse/4DJ9eXSsfOM_30/full_10s.wav
4E2UMRDW_Zs,30.0,horse,audioset+vggsound,0.7292599081993103,3.0,0.280793696641922,4,0.0,clips/horse/4E2UMRDW_Zs_30/audio.wav,clips/horse/4E2UMRDW_Zs_30/full_10s.wav
4EeQh-l8hBs,30.0,horse,audioset,0.8661326169967651,1.5,0.23437558114528656,2,0.0,clips/horse/4EeQh-l8hBs_30/audio.wav,clips/horse/4EeQh-l8hBs_30/full_10s.wav
4EmVX0_CcBM,30.0,horse,audioset+vggsound,0.5272733569145203,6.5,0.29243597388267517,9,0.0,clips/horse/4EmVX0_CcBM_30/audio.wav,clips/horse/4EmVX0_CcBM_30/full_10s.wav
4GtzTxTJPSs,320.0,horse,audioset,0.5957754850387573,5.5,0.2712230384349823,9,0.0,clips/horse/4GtzTxTJPSs_320/audio.wav,clips/horse/4GtzTxTJPSs_320/full_10s.wav
4H7EONWx85w,1.0,horse,vggsound,0.8865665197372437,0.0,0.28601089119911194,1,0.0,clips/horse/4H7EONWx85w_1/audio.wav,clips/horse/4H7EONWx85w_1/full_10s.wav
4HSkwF586ro,6.0,horse,audioset,0.765823245048523,6.5,0.2601597011089325,9,0.0,clips/horse/4HSkwF586ro_6/audio.wav,clips/horse/4HSkwF586ro_6/full_10s.wav
4I7idDeztQ4,30.0,horse,audioset,0.9799091219902039,1.0,0.26273632049560547,7,0.0,clips/horse/4I7idDeztQ4_30/audio.wav,clips/horse/4I7idDeztQ4_30/full_10s.wav
4JrWa8Z08N8,30.0,horse,audioset,0.9220930933952332,1.0,0.2452094703912735,5,0.0,clips/horse/4JrWa8Z08N8_30/audio.wav,clips/horse/4JrWa8Z08N8_30/full_10s.wav
4Kl_h0_VJBk,30.0,horse,audioset+vggsound,0.9940912127494812,3.0,0.26930761337280273,4,0.0,clips/horse/4Kl_h0_VJBk_30/audio.wav,clips/horse/4Kl_h0_VJBk_30/full_10s.wav
4Ms9p-aW_Ac,3.0,horse,vggsound,0.7548288106918335,2.5,0.30263465642929077,8,0.0,clips/horse/4Ms9p-aW_Ac_3/audio.wav,clips/horse/4Ms9p-aW_Ac_3/full_10s.wav
4NSjcsu6FuY,15.0,horse,audioset+vggsound,0.8992006778717041,0.5,0.27139195799827576,7,0.0,clips/horse/4NSjcsu6FuY_15/audio.wav,clips/horse/4NSjcsu6FuY_15/full_10s.wav
4Nd6anJtZ0o,30.0,horse,audioset,0.3655196726322174,6.5,0.2536143660545349,1,0.0,clips/horse/4Nd6anJtZ0o_30/audio.wav,clips/horse/4Nd6anJtZ0o_30/full_10s.wav
4PRsohAVsDw,20.0,horse,audioset+vggsound,0.6972497701644897,0.5,0.28793245553970337,3,0.0,clips/horse/4PRsohAVsDw_20/audio.wav,clips/horse/4PRsohAVsDw_20/full_10s.wav
4ShCZly0DNo,30.0,horse,audioset+vggsound,0.746089518070221,6.5,0.2718222737312317,1,0.0,clips/horse/4ShCZly0DNo_30/audio.wav,clips/horse/4ShCZly0DNo_30/full_10s.wav
4SoxI-QsAPg,0.0,horse,audioset,0.7674925327301025,2.0,0.27654266357421875,0,0.0,clips/horse/4SoxI-QsAPg_0/audio.wav,clips/horse/4SoxI-QsAPg_0/full_10s.wav
4TVJNbZhA5U,30.0,horse,audioset,0.5789080262184143,6.5,0.2801448106765747,3,0.0,clips/horse/4TVJNbZhA5U_30/audio.wav,clips/horse/4TVJNbZhA5U_30/full_10s.wav
4V0HFle9WGc,30.0,horse,audioset,0.48183900117874146,0.0,0.2838677763938904,4,0.0,clips/horse/4V0HFle9WGc_30/audio.wav,clips/horse/4V0HFle9WGc_30/full_10s.wav
4VR5DmwB58Y,30.0,horse,audioset,0.5642212629318237,1.0,0.25010666251182556,3,0.0,clips/horse/4VR5DmwB58Y_30/audio.wav,clips/horse/4VR5DmwB58Y_30/full_10s.wav
4Vqb2FFlrLg,30.0,horse,audioset,0.8634262084960938,0.0,0.28558623790740967,0,0.0,clips/horse/4Vqb2FFlrLg_30/audio.wav,clips/horse/4Vqb2FFlrLg_30/full_10s.wav
4WrAiqcqo4o,380.0,horse,audioset+vggsound,0.7026269435882568,1.0,0.2722296714782715,6,0.0,clips/horse/4WrAiqcqo4o_380/audio.wav,clips/horse/4WrAiqcqo4o_380/full_10s.wav
4Zv3oq7GTNM,30.0,horse,audioset,0.3130435645580292,3.0,0.24758794903755188,3,0.0,clips/horse/4Zv3oq7GTNM_30/audio.wav,clips/horse/4Zv3oq7GTNM_30/full_10s.wav
4_IPYhQbB8w,30.0,horse,audioset+vggsound,0.9457466006278992,0.0,0.2928835153579712,2,0.0,clips/horse/4_IPYhQbB8w_30/audio.wav,clips/horse/4_IPYhQbB8w_30/full_10s.wav
4aNcNPP-gP0,30.0,horse,audioset,0.957942008972168,4.5,0.2797784209251404,5,0.0,clips/horse/4aNcNPP-gP0_30/audio.wav,clips/horse/4aNcNPP-gP0_30/full_10s.wav
4aRYzKW-_Fg,30.0,horse,audioset+vggsound,0.9648431539535522,5.0,0.28897127509117126,4,0.0,clips/horse/4aRYzKW-_Fg_30/audio.wav,clips/horse/4aRYzKW-_Fg_30/full_10s.wav
4bGk--MqCLU,30.0,horse,audioset,0.8118426203727722,1.5,0.25000864267349243,0,0.0,clips/horse/4bGk--MqCLU_30/audio.wav,clips/horse/4bGk--MqCLU_30/full_10s.wav
4bMj-sxdD0c,1.0,horse,audioset,0.6441976428031921,0.5,0.2668776512145996,4,0.0,clips/horse/4bMj-sxdD0c_1/audio.wav,clips/horse/4bMj-sxdD0c_1/full_10s.wav
4bmHR1bVTnw,330.0,horse,audioset,0.9426853060722351,4.5,0.26870667934417725,5,0.0,clips/horse/4bmHR1bVTnw_330/audio.wav,clips/horse/4bmHR1bVTnw_330/full_10s.wav
4bqZ8_elrQs,30.0,horse,audioset,0.43944352865219116,0.0,0.2802864909172058,2,0.0,clips/horse/4bqZ8_elrQs_30/audio.wav,clips/horse/4bqZ8_elrQs_30/full_10s.wav
4c0fG9oJ-Qg,9.0,horse,audioset+vggsound,0.9631950259208679,3.5,0.2742864787578583,0,0.0,clips/horse/4c0fG9oJ-Qg_9/audio.wav,clips/horse/4c0fG9oJ-Qg_9/full_10s.wav
4cEOkkDeJqs,30.0,horse,audioset+vggsound,0.9827170968055725,3.0,0.29261934757232666,2,0.0,clips/horse/4cEOkkDeJqs_30/audio.wav,clips/horse/4cEOkkDeJqs_30/full_10s.wav
4cbh7Rd9Fwk,130.0,horse,audioset+vggsound,0.8490564227104187,6.0,0.28104913234710693,6,0.0,clips/horse/4cbh7Rd9Fwk_130/audio.wav,clips/horse/4cbh7Rd9Fwk_130/full_10s.wav
4dC9raNUgIw,30.0,horse,audioset+vggsound,0.7288222908973694,5.0,0.2843362092971802,8,0.0,clips/horse/4dC9raNUgIw_30/audio.wav,clips/horse/4dC9raNUgIw_30/full_10s.wav
4e376CnEPxE,50.0,horse,audioset,0.8385329246520996,5.5,0.27683043479919434,0,0.0,clips/horse/4e376CnEPxE_50/audio.wav,clips/horse/4e376CnEPxE_50/full_10s.wav
4faXhe2aOVo,30.0,horse,audioset,0.4133298695087433,4.5,0.28552892804145813,5,0.0,clips/horse/4faXhe2aOVo_30/audio.wav,clips/horse/4faXhe2aOVo_30/full_10s.wav
4h7NUBQbaXM,30.0,horse,audioset,0.6558265089988708,0.0,0.2733492851257324,3,0.0,clips/horse/4h7NUBQbaXM_30/audio.wav,clips/horse/4h7NUBQbaXM_30/full_10s.wav
4hJC1fH4aIw,100.0,horse,audioset,0.754019021987915,5.5,0.28128525614738464,5,0.0,clips/horse/4hJC1fH4aIw_100/audio.wav,clips/horse/4hJC1fH4aIw_100/full_10s.wav
4hjjHLIVZ50,12.0,horse,audioset,0.47827091813087463,0.0,0.2819885313510895,1,0.0,clips/horse/4hjjHLIVZ50_12/audio.wav,clips/horse/4hjjHLIVZ50_12/full_10s.wav
4iyGTlGxNO4,30.0,horse,audioset,0.9037328958511353,4.0,0.2779327630996704,2,0.0,clips/horse/4iyGTlGxNO4_30/audio.wav,clips/horse/4iyGTlGxNO4_30/full_10s.wav
4jyvga149tU,30.0,horse,audioset+vggsound,0.9201338291168213,2.5,0.2734682261943817,8,0.0,clips/horse/4jyvga149tU_30/audio.wav,clips/horse/4jyvga149tU_30/full_10s.wav
4kT-lzQNJF4,30.0,horse,audioset+vggsound,0.9610412120819092,4.5,0.26577842235565186,8,0.0,clips/horse/4kT-lzQNJF4_30/audio.wav,clips/horse/4kT-lzQNJF4_30/full_10s.wav
4kZRJCqGhVA,30.0,horse,audioset,0.8678959012031555,1.0,0.28310179710388184,7,0.0,clips/horse/4kZRJCqGhVA_30/audio.wav,clips/horse/4kZRJCqGhVA_30/full_10s.wav
4lorH6_kV2A,30.0,horse,audioset+vggsound,0.9227922558784485,2.5,0.2827673554420471,6,0.0,clips/horse/4lorH6_kV2A_30/audio.wav,clips/horse/4lorH6_kV2A_30/full_10s.wav
4lxxS92HiDY,30.0,horse,audioset,0.5745590329170227,3.0,0.27718600630760193,0,0.0,clips/horse/4lxxS92HiDY_30/audio.wav,clips/horse/4lxxS92HiDY_30/full_10s.wav
4mncQuxpM5c,160.0,horse,audioset,0.7310415506362915,2.0,0.2879329323768616,4,0.0,clips/horse/4mncQuxpM5c_160/audio.wav,clips/horse/4mncQuxpM5c_160/full_10s.wav
4o0c5uM-370,30.0,horse,audioset+vggsound,0.7075570225715637,6.5,0.26745545864105225,8,0.0,clips/horse/4o0c5uM-370_30/audio.wav,clips/horse/4o0c5uM-370_30/full_10s.wav
4oUEWkTXXLQ,30.0,horse,audioset,0.9365942478179932,6.0,0.26909369230270386,0,0.0,clips/horse/4oUEWkTXXLQ_30/audio.wav,clips/horse/4oUEWkTXXLQ_30/full_10s.wav
4q5VYLimmKE,30.0,horse,audioset,0.6216729283332825,6.5,0.29459479451179504,6,0.0,clips/horse/4q5VYLimmKE_30/audio.wav,clips/horse/4q5VYLimmKE_30/full_10s.wav
4qvxpVQ9wHM,30.0,horse,audioset+vggsound,0.8482754826545715,3.5,0.28574860095977783,0,0.0,clips/horse/4qvxpVQ9wHM_30/audio.wav,clips/horse/4qvxpVQ9wHM_30/full_10s.wav
4r-IrMGN47Q,30.0,horse,audioset,0.38930729031562805,3.0,0.2720158100128174,0,0.0,clips/horse/4r-IrMGN47Q_30/audio.wav,clips/horse/4r-IrMGN47Q_30/full_10s.wav
4r-w19aXLJo,320.0,horse,audioset,0.85097336769104,0.0,0.2760540246963501,9,0.0,clips/horse/4r-w19aXLJo_320/audio.wav,clips/horse/4r-w19aXLJo_320/full_10s.wav
4tzhh8bFpYI,20.0,horse,audioset,0.8698262572288513,6.0,0.2826893925666809,7,0.0,clips/horse/4tzhh8bFpYI_20/audio.wav,clips/horse/4tzhh8bFpYI_20/full_10s.wav
4ufLjQfuEAI,382.0,horse,vggsound,0.2681616246700287,4.0,0.26693975925445557,9,0.0,clips/horse/4ufLjQfuEAI_382/audio.wav,clips/horse/4ufLjQfuEAI_382/full_10s.wav
4ufLjQfuEAI,39.0,horse,vggsound,0.7271144390106201,4.5,0.2941035330295563,1,0.0,clips/horse/4ufLjQfuEAI_39/audio.wav,clips/horse/4ufLjQfuEAI_39/full_10s.wav
4uuxHwLf49w,21.0,horse,audioset+vggsound,0.43462955951690674,5.5,0.2795577645301819,2,0.0,clips/horse/4uuxHwLf49w_21/audio.wav,clips/horse/4uuxHwLf49w_21/full_10s.wav
4uyCODx5Sow,30.0,horse,audioset+vggsound,0.7877873182296753,0.0,0.2829169034957886,9,0.0,clips/horse/4uyCODx5Sow_30/audio.wav,clips/horse/4uyCODx5Sow_30/full_10s.wav
4v4f6ZxnPSk,120.0,horse,audioset,0.978257417678833,4.5,0.2718217670917511,8,0.0,clips/horse/4v4f6ZxnPSk_120/audio.wav,clips/horse/4v4f6ZxnPSk_120/full_10s.wav
4y8fe3GI9hM,82.0,horse,vggsound,0.4839708209037781,4.0,0.2965373396873474,9,0.0,clips/horse/4y8fe3GI9hM_82/audio.wav,clips/horse/4y8fe3GI9hM_82/full_10s.wav
4zB_p65nrXc,0.0,horse,vggsound,0.9953358769416809,3.0,0.24891865253448486,0,0.0,clips/horse/4zB_p65nrXc_0/audio.wav,clips/horse/4zB_p65nrXc_0/full_10s.wav
509xdKhhDqQ,30.0,horse,audioset,0.29154127836227417,5.0,0.2783794105052948,6,0.0,clips/horse/509xdKhhDqQ_30/audio.wav,clips/horse/509xdKhhDqQ_30/full_10s.wav
50m-w1KXlM0,20.0,horse,audioset+vggsound,0.959725022315979,0.0,0.2775079607963562,3,0.0,clips/horse/50m-w1KXlM0_20/audio.wav,clips/horse/50m-w1KXlM0_20/full_10s.wav
52TUIvQgnQA,30.0,horse,audioset,0.8596764206886292,4.5,0.259745717048645,9,0.0,clips/horse/52TUIvQgnQA_30/audio.wav,clips/horse/52TUIvQgnQA_30/full_10s.wav
53POF_i4kOY,1.0,horse,audioset+vggsound,0.7167795896530151,5.0,0.2915836572647095,0,0.0,clips/horse/53POF_i4kOY_1/audio.wav,clips/horse/53POF_i4kOY_1/full_10s.wav
55i3-HnOY1Q,30.0,horse,audioset,0.27266302704811096,4.0,0.299578994512558,4,0.0,clips/horse/55i3-HnOY1Q_30/audio.wav,clips/horse/55i3-HnOY1Q_30/full_10s.wav
56uc2POpkD0,11.0,horse,vggsound,0.7312064170837402,0.5,0.27608126401901245,1,0.0,clips/horse/56uc2POpkD0_11/audio.wav,clips/horse/56uc2POpkD0_11/full_10s.wav
56uc2POpkD0,23.0,horse,vggsound,0.9602523446083069,0.0,0.28740331530570984,7,0.0,clips/horse/56uc2POpkD0_23/audio.wav,clips/horse/56uc2POpkD0_23/full_10s.wav
57LmtVZ5b8A,2.0,horse,audioset,0.39811259508132935,5.0,0.26509973406791687,1,0.0,clips/horse/57LmtVZ5b8A_2/audio.wav,clips/horse/57LmtVZ5b8A_2/full_10s.wav
57SvLNV2cy0,30.0,horse,audioset+vggsound,0.7543467283248901,6.5,0.2907920777797699,1,0.0,clips/horse/57SvLNV2cy0_30/audio.wav,clips/horse/57SvLNV2cy0_30/full_10s.wav
58PdolDpC1k,30.0,horse,audioset,0.8836002349853516,4.0,0.2979097366333008,5,0.0,clips/horse/58PdolDpC1k_30/audio.wav,clips/horse/58PdolDpC1k_30/full_10s.wav
59bMY3tAIgY,30.0,horse,audioset+vggsound,0.7619206309318542,3.0,0.2973497211933136,7,0.0,clips/horse/59bMY3tAIgY_30/audio.wav,clips/horse/59bMY3tAIgY_30/full_10s.wav
5BO755tvWRQ,30.0,horse,audioset+vggsound,0.7806809544563293,6.0,0.2970513105392456,3,0.0,clips/horse/5BO755tvWRQ_30/audio.wav,clips/horse/5BO755tvWRQ_30/full_10s.wav
5CAAkUAoHu4,0.0,horse,audioset,0.2906706631183624,0.0,0.26677238941192627,2,0.0,clips/horse/5CAAkUAoHu4_0/audio.wav,clips/horse/5CAAkUAoHu4_0/full_10s.wav
5Ect1bJFKYU,30.0,horse,audioset+vggsound,0.4004824459552765,4.0,0.27252742648124695,2,0.0,clips/horse/5Ect1bJFKYU_30/audio.wav,clips/horse/5Ect1bJFKYU_30/full_10s.wav
5GZe3-CbQIA,16.0,horse,audioset,0.8374219536781311,4.0,0.27609387040138245,2,0.0,clips/horse/5GZe3-CbQIA_16/audio.wav,clips/horse/5GZe3-CbQIA_16/full_10s.wav
5GfOsOqhx8Y,30.0,horse,audioset,0.33381888270378113,5.5,0.2739406228065491,4,0.0,clips/horse/5GfOsOqhx8Y_30/audio.wav,clips/horse/5GfOsOqhx8Y_30/full_10s.wav
5IjCVau60c8,4.0,horse,audioset,0.4304260313510895,0.0,0.24726469814777374,2,0.0,clips/horse/5IjCVau60c8_4/audio.wav,clips/horse/5IjCVau60c8_4/full_10s.wav
5K_5dsPbZik,13.0,horse,audioset+vggsound,0.8142848014831543,5.5,0.27870315313339233,7,0.0,clips/horse/5K_5dsPbZik_13/audio.wav,clips/horse/5K_5dsPbZik_13/full_10s.wav
5LPEk_RsI9o,30.0,horse,audioset,0.7022345662117004,6.5,0.29200994968414307,2,0.0,clips/horse/5LPEk_RsI9o_30/audio.wav,clips/horse/5LPEk_RsI9o_30/full_10s.wav
5Lostl0M_bw,30.0,horse,audioset,0.670219898223877,4.5,0.2892606258392334,2,0.0,clips/horse/5Lostl0M_bw_30/audio.wav,clips/horse/5Lostl0M_bw_30/full_10s.wav
5N9uBkHSoY4,30.0,horse,audioset+vggsound,0.6586175560951233,1.5,0.27279356122016907,6,0.0,clips/horse/5N9uBkHSoY4_30/audio.wav,clips/horse/5N9uBkHSoY4_30/full_10s.wav
5NJgdnIqkVE,30.0,horse,audioset,0.8479005098342896,2.5,0.2555835247039795,6,0.0,clips/horse/5NJgdnIqkVE_30/audio.wav,clips/horse/5NJgdnIqkVE_30/full_10s.wav
5Nu9Pb4ySVg,30.0,horse,audioset,0.9360291361808777,5.0,0.29134202003479004,7,0.0,clips/horse/5Nu9Pb4ySVg_30/audio.wav,clips/horse/5Nu9Pb4ySVg_30/full_10s.wav
5Qku-e03QC4,12.0,horse,audioset,0.859573483467102,1.5,0.262248158454895,0,0.0,clips/horse/5Qku-e03QC4_12/audio.wav,clips/horse/5Qku-e03QC4_12/full_10s.wav
5QxjXUFfKcA,30.0,horse,audioset,0.9657135605812073,1.0,0.27063536643981934,3,0.0,clips/horse/5QxjXUFfKcA_30/audio.wav,clips/horse/5QxjXUFfKcA_30/full_10s.wav
5SSZ_0nmfQQ,10.0,horse,audioset,0.8521199822425842,5.5,0.27068111300468445,2,0.0,clips/horse/5SSZ_0nmfQQ_10/audio.wav,clips/horse/5SSZ_0nmfQQ_10/full_10s.wav
5SSah7Z7tkk,30.0,horse,audioset,0.4549274742603302,4.5,0.2697153389453888,5,0.0,clips/horse/5SSah7Z7tkk_30/audio.wav,clips/horse/5SSah7Z7tkk_30/full_10s.wav
5VgANQDsb6g,30.0,horse,audioset,0.5402166843414307,6.0,0.260407418012619,8,0.0,clips/horse/5VgANQDsb6g_30/audio.wav,clips/horse/5VgANQDsb6g_30/full_10s.wav
5W4JlGS_m7o,4.0,horse,audioset,0.7554010152816772,0.0,0.28105396032333374,0,0.0,clips/horse/5W4JlGS_m7o_4/audio.wav,clips/horse/5W4JlGS_m7o_4/full_10s.wav
5W6MBNrXr_I,20.0,horse,vggsound,0.9367554187774658,0.5,0.2925979495048523,7,0.0,clips/horse/5W6MBNrXr_I_20/audio.wav,clips/horse/5W6MBNrXr_I_20/full_10s.wav
5W7HDn9Fh7M,30.0,horse,audioset,0.3335511386394501,1.0,0.26739805936813354,7,0.0,clips/horse/5W7HDn9Fh7M_30/audio.wav,clips/horse/5W7HDn9Fh7M_30/full_10s.wav
5XEmMTFXTic,30.0,horse,audioset,0.8197913765907288,1.5,0.280407190322876,3,0.0,clips/horse/5XEmMTFXTic_30/audio.wav,clips/horse/5XEmMTFXTic_30/full_10s.wav
5Y-wIUKiqBE,30.0,horse,audioset,0.27987778186798096,6.0,0.26473763585090637,1,0.0,clips/horse/5Y-wIUKiqBE_30/audio.wav,clips/horse/5Y-wIUKiqBE_30/full_10s.wav
5ZC9Rf89Bqs,30.0,horse,audioset,0.27082812786102295,0.0,0.27893367409706116,0,0.0,clips/horse/5ZC9Rf89Bqs_30/audio.wav,clips/horse/5ZC9Rf89Bqs_30/full_10s.wav
5ZJkveZhKi4,0.0,horse,audioset,0.8143549561500549,2.5,0.25866150856018066,0,0.0,clips/horse/5ZJkveZhKi4_0/audio.wav,clips/horse/5ZJkveZhKi4_0/full_10s.wav
5_VKDMH802g,30.0,horse,audioset,0.4331088066101074,5.0,0.26599377393722534,5,0.0,clips/horse/5_VKDMH802g_30/audio.wav,clips/horse/5_VKDMH802g_30/full_10s.wav
5atMEji7sKQ,115.0,horse,vggsound,0.599882185459137,6.5,0.28584206104278564,4,0.0,clips/horse/5atMEji7sKQ_115/audio.wav,clips/horse/5atMEji7sKQ_115/full_10s.wav
5b8LEzKSF0U,30.0,horse,audioset,0.36806410551071167,5.5,0.28083258867263794,0,0.0,clips/horse/5b8LEzKSF0U_30/audio.wav,clips/horse/5b8LEzKSF0U_30/full_10s.wav
5bNgM-jQXhQ,210.0,horse,audioset,0.7773264646530151,0.5,0.2810283601284027,0,0.0,clips/horse/5bNgM-jQXhQ_210/audio.wav,clips/horse/5bNgM-jQXhQ_210/full_10s.wav
5cCq9hL1Jxg,2.0,horse,audioset+vggsound,0.8564671874046326,0.0,0.28382423520088196,2,0.0,clips/horse/5cCq9hL1Jxg_2/audio.wav,clips/horse/5cCq9hL1Jxg_2/full_10s.wav
5crlwvZIFYk,30.0,horse,audioset,0.4626675248146057,0.0,0.27734851837158203,8,0.0,clips/horse/5crlwvZIFYk_30/audio.wav,clips/horse/5crlwvZIFYk_30/full_10s.wav
5dpB3QR6Kp4,0.0,horse,audioset,0.47016945481300354,1.0,0.29022395610809326,4,0.0,clips/horse/5dpB3QR6Kp4_0/audio.wav,clips/horse/5dpB3QR6Kp4_0/full_10s.wav
5ggdgXwL6ck,30.0,horse,audioset+vggsound,0.9466928839683533,5.5,0.2874293625354767,8,0.0,clips/horse/5ggdgXwL6ck_30/audio.wav,clips/horse/5ggdgXwL6ck_30/full_10s.wav
5hZaWEAcH1c,0.0,horse,audioset,0.732322633266449,0.5,0.2865477204322815,3,0.0,clips/horse/5hZaWEAcH1c_0/audio.wav,clips/horse/5hZaWEAcH1c_0/full_10s.wav
5hjKe0FWq9E,80.0,horse,vggsound,0.7966529130935669,3.5,0.2810833156108856,5,0.0,clips/horse/5hjKe0FWq9E_80/audio.wav,clips/horse/5hjKe0FWq9E_80/full_10s.wav
5jjJrT3elg0,30.0,horse,audioset,0.2558649480342865,1.0,0.27921557426452637,4,0.0,clips/horse/5jjJrT3elg0_30/audio.wav,clips/horse/5jjJrT3elg0_30/full_10s.wav
5jmeNAZrt8Y,30.0,horse,audioset,0.9353893399238586,1.0,0.28384095430374146,5,0.0,clips/horse/5jmeNAZrt8Y_30/audio.wav,clips/horse/5jmeNAZrt8Y_30/full_10s.wav
5kqID59xuzk,21.0,horse,audioset,0.935771644115448,2.5,0.27204450964927673,2,0.0,clips/horse/5kqID59xuzk_21/audio.wav,clips/horse/5kqID59xuzk_21/full_10s.wav
5l3UYTmPfCk,30.0,horse,audioset,0.27492284774780273,1.5,0.2927117645740509,7,0.0,clips/horse/5l3UYTmPfCk_30/audio.wav,clips/horse/5l3UYTmPfCk_30/full_10s.wav
5muADGzBlgM,20.0,horse,audioset,0.9300524592399597,5.0,0.2870439291000366,7,0.0,clips/horse/5muADGzBlgM_20/audio.wav,clips/horse/5muADGzBlgM_20/full_10s.wav
5oUlQ-RJtEY,30.0,horse,audioset,0.9810663461685181,5.0,0.27065542340278625,9,0.0,clips/horse/5oUlQ-RJtEY_30/audio.wav,clips/horse/5oUlQ-RJtEY_30/full_10s.wav
5oVA4BlSslo,30.0,horse,audioset,0.7090924382209778,6.5,0.22718445956707,6,0.0,clips/horse/5oVA4BlSslo_30/audio.wav,clips/horse/5oVA4BlSslo_30/full_10s.wav
5ovLY-4uLFE,30.0,horse,audioset,0.9818071126937866,6.0,0.27761155366897583,3,0.0,clips/horse/5ovLY-4uLFE_30/audio.wav,clips/horse/5ovLY-4uLFE_30/full_10s.wav
5pyQoK_smNk,30.0,horse,audioset,0.30028051137924194,6.0,0.2907465100288391,2,0.0,clips/horse/5pyQoK_smNk_30/audio.wav,clips/horse/5pyQoK_smNk_30/full_10s.wav
5sPHKvCXcGY,71.0,horse,vggsound,0.458913117647171,1.0,0.2743646502494812,4,0.0,clips/horse/5sPHKvCXcGY_71/audio.wav,clips/horse/5sPHKvCXcGY_71/full_10s.wav
5vDJ0Mcuyos,30.0,horse,audioset+vggsound,0.9357690215110779,5.0,0.2723381221294403,5,0.0,clips/horse/5vDJ0Mcuyos_30/audio.wav,clips/horse/5vDJ0Mcuyos_30/full_10s.wav
5vyWjkuCncY,18.0,horse,audioset+vggsound,0.9959349632263184,0.0,0.2623964548110962,7,0.0,clips/horse/5vyWjkuCncY_18/audio.wav,clips/horse/5vyWjkuCncY_18/full_10s.wav
5zXX_WBvjiY,170.0,horse,audioset,0.8314141631126404,0.0,0.2739725410938263,0,0.0,clips/horse/5zXX_WBvjiY_170/audio.wav,clips/horse/5zXX_WBvjiY_170/full_10s.wav
5zj_xZGJrO8,120.0,horse,audioset,0.4329116940498352,5.0,0.29711925983428955,6,0.0,clips/horse/5zj_xZGJrO8_120/audio.wav,clips/horse/5zj_xZGJrO8_120/full_10s.wav
6-XMRRrJIrI,30.0,horse,audioset,0.2507568895816803,6.0,0.28984692692756653,7,0.0,clips/horse/6-XMRRrJIrI_30/audio.wav,clips/horse/6-XMRRrJIrI_30/full_10s.wav
60CM7A4Km0E,30.0,horse,audioset,0.4387058615684509,5.0,0.2746197283267975,8,0.0,clips/horse/60CM7A4Km0E_30/audio.wav,clips/horse/60CM7A4Km0E_30/full_10s.wav
60YgbNukx1c,25.0,horse,audioset,0.5483099818229675,4.0,0.27084633708000183,0,0.0,clips/horse/60YgbNukx1c_25/audio.wav,clips/horse/60YgbNukx1c_25/full_10s.wav
6182_rWJEos,6.0,horse,audioset+vggsound,0.5911197662353516,0.0,0.2843109667301178,2,0.0,clips/horse/6182_rWJEos_6/audio.wav,clips/horse/6182_rWJEos_6/full_10s.wav
61WDPDLW1dY,2.0,horse,audioset,0.4848550856113434,5.5,0.27929872274398804,5,0.0,clips/horse/61WDPDLW1dY_2/audio.wav,clips/horse/61WDPDLW1dY_2/full_10s.wav
61wq0VSNPOY,30.0,horse,audioset,0.3754088878631592,0.0,0.27594494819641113,3,0.0,clips/horse/61wq0VSNPOY_30/audio.wav,clips/horse/61wq0VSNPOY_30/full_10s.wav
628ka35KhH4,16.0,horse,audioset+vggsound,0.9974983334541321,1.5,0.2770567834377289,6,0.0,clips/horse/628ka35KhH4_16/audio.wav,clips/horse/628ka35KhH4_16/full_10s.wav
6360Kx2kB0A,30.0,horse,audioset+vggsound,0.4670747220516205,1.0,0.27281278371810913,8,0.0,clips/horse/6360Kx2kB0A_30/audio.wav,clips/horse/6360Kx2kB0A_30/full_10s.wav
65_o9fXAHio,30.0,horse,audioset,0.8608279824256897,0.0,0.2685471177101135,0,0.0,clips/horse/65_o9fXAHio_30/audio.wav,clips/horse/65_o9fXAHio_30/full_10s.wav
65kyo7Gx6uI,30.0,horse,audioset+vggsound,0.7847974300384521,3.0,0.2820984721183777,0,0.0,clips/horse/65kyo7Gx6uI_30/audio.wav,clips/horse/65kyo7Gx6uI_30/full_10s.wav
66OGuSasEIs,30.0,horse,audioset,0.3175520896911621,6.5,0.27202609181404114,0,0.0,clips/horse/66OGuSasEIs_30/audio.wav,clips/horse/66OGuSasEIs_30/full_10s.wav
69NNtACP9c4,30.0,horse,audioset,0.757542610168457,0.0,0.2836093008518219,8,0.0,clips/horse/69NNtACP9c4_30/audio.wav,clips/horse/69NNtACP9c4_30/full_10s.wav
6AQLfSO8L5Q,0.0,horse,audioset,0.9386910796165466,0.0,0.2224203497171402,0,0.0,clips/horse/6AQLfSO8L5Q_0/audio.wav,clips/horse/6AQLfSO8L5Q_0/full_10s.wav
6CCwz77ReJw,30.0,horse,audioset+vggsound,0.6196117997169495,2.5,0.2901782691478729,5,0.0,clips/horse/6CCwz77ReJw_30/audio.wav,clips/horse/6CCwz77ReJw_30/full_10s.wav
6GD0dWvfDc4,0.0,horse,audioset+vggsound,0.8877324461936951,4.0,0.2770518958568573,0,0.0,clips/horse/6GD0dWvfDc4_0/audio.wav,clips/horse/6GD0dWvfDc4_0/full_10s.wav
6GGNDnwFo9s,30.0,horse,audioset+vggsound,0.8707930445671082,6.5,0.2737843096256256,3,0.0,clips/horse/6GGNDnwFo9s_30/audio.wav,clips/horse/6GGNDnwFo9s_30/full_10s.wav
6IQ4aVdj99c,4.0,horse,audioset+vggsound,0.9194236397743225,4.0,0.267882376909256,6,0.0,clips/horse/6IQ4aVdj99c_4/audio.wav,clips/horse/6IQ4aVdj99c_4/full_10s.wav
6K-4Bm1gXuI,30.0,horse,audioset,0.6188182830810547,2.5,0.2768481969833374,7,0.0,clips/horse/6K-4Bm1gXuI_30/audio.wav,clips/horse/6K-4Bm1gXuI_30/full_10s.wav
6Kf7DPeKT90,0.0,horse,audioset,0.4942929446697235,0.5,0.2888661324977875,4,0.0,clips/horse/6Kf7DPeKT90_0/audio.wav,clips/horse/6Kf7DPeKT90_0/full_10s.wav
6LB-qRj_zW4,30.0,horse,audioset+vggsound,0.9935657382011414,0.0,0.30318617820739746,7,0.0,clips/horse/6LB-qRj_zW4_30/audio.wav,clips/horse/6LB-qRj_zW4_30/full_10s.wav
6L_HclNjdWg,30.0,horse,audioset,0.9825440049171448,1.0,0.26774266362190247,8,0.0,clips/horse/6L_HclNjdWg_30/audio.wav,clips/horse/6L_HclNjdWg_30/full_10s.wav
6OWk1Y5EDOg,30.0,horse,audioset,0.3570106029510498,0.0,0.2750234603881836,0,0.0,clips/horse/6OWk1Y5EDOg_30/audio.wav,clips/horse/6OWk1Y5EDOg_30/full_10s.wav
6OXSlvU94ow,0.0,horse,audioset,0.92823725938797,5.0,0.2763897180557251,0,0.0,clips/horse/6OXSlvU94ow_0/audio.wav,clips/horse/6OXSlvU94ow_0/full_10s.wav
6O_T5fTbGdw,10.0,horse,audioset,0.8132465481758118,0.5,0.282274067401886,1,0.0,clips/horse/6O_T5fTbGdw_10/audio.wav,clips/horse/6O_T5fTbGdw_10/full_10s.wav
6Pu9qp6mTaw,30.0,horse,audioset,0.44934624433517456,0.5,0.2766612470149994,1,0.0,clips/horse/6Pu9qp6mTaw_30/audio.wav,clips/horse/6Pu9qp6mTaw_30/full_10s.wav
6QqHnM_6DEI,30.0,horse,audioset,0.7064657807350159,3.5,0.2811015844345093,9,0.0,clips/horse/6QqHnM_6DEI_30/audio.wav,clips/horse/6QqHnM_6DEI_30/full_10s.wav
6TR7uAODtiM,3.0,horse,audioset+vggsound,0.956031858921051,2.0,0.28485769033432007,4,0.0,clips/horse/6TR7uAODtiM_3/audio.wav,clips/horse/6TR7uAODtiM_3/full_10s.wav
6TmhQQR4D-k,30.0,horse,audioset+vggsound,0.666577160358429,4.0,0.27930670976638794,9,0.0,clips/horse/6TmhQQR4D-k_30/audio.wav,clips/horse/6TmhQQR4D-k_30/full_10s.wav
6U9uvLuBPQk,30.0,horse,audioset,0.4679143726825714,4.0,0.27356117963790894,0,0.0,clips/horse/6U9uvLuBPQk_30/audio.wav,clips/horse/6U9uvLuBPQk_30/full_10s.wav
6VyEec2Gmqs,30.0,horse,audioset,0.5407107472419739,1.5,0.2877631187438965,3,0.0,clips/horse/6VyEec2Gmqs_30/audio.wav,clips/horse/6VyEec2Gmqs_30/full_10s.wav
6WPLm6vLHdg,30.0,horse,audioset,0.5700304508209229,0.0,0.26547738909721375,1,0.0,clips/horse/6WPLm6vLHdg_30/audio.wav,clips/horse/6WPLm6vLHdg_30/full_10s.wav
6WXrSKBtK9Q,0.0,horse,audioset,0.6377426385879517,3.0,0.28828105330467224,2,0.0,clips/horse/6WXrSKBtK9Q_0/audio.wav,clips/horse/6WXrSKBtK9Q_0/full_10s.wav
6XC51dhjLa0,13.0,horse,audioset,0.5749853849411011,0.5,0.28062763810157776,8,0.0,clips/horse/6XC51dhjLa0_13/audio.wav,clips/horse/6XC51dhjLa0_13/full_10s.wav
6Y3sMNOD6zg,30.0,horse,audioset,0.7233093976974487,6.5,0.2847646176815033,6,0.0,clips/horse/6Y3sMNOD6zg_30/audio.wav,clips/horse/6Y3sMNOD6zg_30/full_10s.wav
6Y4FEJB_XNg,25.0,horse,audioset,0.913690984249115,0.5,0.2686302065849304,2,0.0,clips/horse/6Y4FEJB_XNg_25/audio.wav,clips/horse/6Y4FEJB_XNg_25/full_10s.wav
6Z7kAKiWiS0,0.0,horse,audioset,0.786379337310791,1.0,0.28001850843429565,5,0.0,clips/horse/6Z7kAKiWiS0_0/audio.wav,clips/horse/6Z7kAKiWiS0_0/full_10s.wav
6ZFHKvvA9As,30.0,horse,audioset+vggsound,0.6778815388679504,2.0,0.28419744968414307,8,0.0,clips/horse/6ZFHKvvA9As_30/audio.wav,clips/horse/6ZFHKvvA9As_30/full_10s.wav
6ZYHL4SXvwU,380.0,horse,audioset,0.7744872570037842,6.5,0.22402828931808472,8,0.0,clips/horse/6ZYHL4SXvwU_380/audio.wav,clips/horse/6ZYHL4SXvwU_380/full_10s.wav
6_U7zAX1RVc,130.0,horse,audioset,0.7505962252616882,2.5,0.29248958826065063,0,0.0,clips/horse/6_U7zAX1RVc_130/audio.wav,clips/horse/6_U7zAX1RVc_130/full_10s.wav
6__UDV9dLI0,0.0,horse,audioset,0.9116074442863464,2.5,0.26538825035095215,3,0.0,clips/horse/6__UDV9dLI0_0/audio.wav,clips/horse/6__UDV9dLI0_0/full_10s.wav
6cC3whgJl_4,30.0,horse,audioset+vggsound,0.9188594818115234,0.0,0.2859559655189514,9,0.0,clips/horse/6cC3whgJl_4_30/audio.wav,clips/horse/6cC3whgJl_4_30/full_10s.wav
6cL4EnBxGXw,30.0,horse,audioset+vggsound,0.8434627056121826,1.0,0.2917520999908447,3,0.0,clips/horse/6cL4EnBxGXw_30/audio.wav,clips/horse/6cL4EnBxGXw_30/full_10s.wav
6cSSu2t2S1M,30.0,horse,audioset,0.8586952090263367,3.5,0.27546489238739014,5,0.0,clips/horse/6cSSu2t2S1M_30/audio.wav,clips/horse/6cSSu2t2S1M_30/full_10s.wav
6d1wiUzzBCw,22.0,horse,audioset,0.35658347606658936,4.5,0.2758725881576538,4,0.0,clips/horse/6d1wiUzzBCw_22/audio.wav,clips/horse/6d1wiUzzBCw_22/full_10s.wav
6dPqlecIYAQ,6.0,horse,audioset+vggsound,0.8008671998977661,1.0,0.2824271321296692,5,0.0,clips/horse/6dPqlecIYAQ_6/audio.wav,clips/horse/6dPqlecIYAQ_6/full_10s.wav
6dg1rFITjmU,30.0,horse,audioset+vggsound,0.8647870421409607,6.5,0.25338080525398254,4,0.0,clips/horse/6dg1rFITjmU_30/audio.wav,clips/horse/6dg1rFITjmU_30/full_10s.wav
6l0sxqfnaFI,5.0,horse,audioset+vggsound,0.9356707334518433,0.0,0.28325143456459045,6,0.0,clips/horse/6l0sxqfnaFI_5/audio.wav,clips/horse/6l0sxqfnaFI_5/full_10s.wav
6lAiBVvNb3Q,5.0,horse,audioset+vggsound,0.932976484298706,2.5,0.27481192350387573,9,0.0,clips/horse/6lAiBVvNb3Q_5/audio.wav,clips/horse/6lAiBVvNb3Q_5/full_10s.wav
6lCRj4JICmQ,15.0,horse,audioset,0.9585440158843994,5.5,0.2756147086620331,3,0.0,clips/horse/6lCRj4JICmQ_15/audio.wav,clips/horse/6lCRj4JICmQ_15/full_10s.wav
6mPvQKd4Rms,2.0,horse,vggsound,0.9814550280570984,6.5,0.27340906858444214,3,0.0,clips/horse/6mPvQKd4Rms_2/audio.wav,clips/horse/6mPvQKd4Rms_2/full_10s.wav
6nw7Fuu2_d0,20.0,horse,audioset+vggsound,0.38004496693611145,4.5,0.3051620423793793,7,0.0,clips/horse/6nw7Fuu2_d0_20/audio.wav,clips/horse/6nw7Fuu2_d0_20/full_10s.wav
6popJPimizM,30.0,horse,audioset,0.7261233329772949,3.0,0.27137571573257446,8,0.0,clips/horse/6popJPimizM_30/audio.wav,clips/horse/6popJPimizM_30/full_10s.wav
6q2g2j_tkPs,6.0,horse,audioset+vggsound,0.33069610595703125,0.0,0.27586448192596436,7,0.0,clips/horse/6q2g2j_tkPs_6/audio.wav,clips/horse/6q2g2j_tkPs_6/full_10s.wav
6r2ySrCzqEQ,20.0,horse,audioset+vggsound,0.9844112396240234,0.0,0.29163452982902527,0,0.0,clips/horse/6r2ySrCzqEQ_20/audio.wav,clips/horse/6r2ySrCzqEQ_20/full_10s.wav
6tXEF76y544,380.0,horse,audioset,0.5941745638847351,2.0,0.2830441892147064,0,0.0,clips/horse/6tXEF76y544_380/audio.wav,clips/horse/6tXEF76y544_380/full_10s.wav
6tyNZ89x3_k,17.0,horse,audioset,0.6336968541145325,1.5,0.23656101524829865,0,0.0,clips/horse/6tyNZ89x3_k_17/audio.wav,clips/horse/6tyNZ89x3_k_17/full_10s.wav
6udFTMe_jVI,30.0,horse,audioset,0.9456789493560791,3.0,0.2506173849105835,6,0.0,clips/horse/6udFTMe_jVI_30/audio.wav,clips/horse/6udFTMe_jVI_30/full_10s.wav
6uq5u_eECZI,30.0,horse,audioset,0.6822280883789062,3.0,0.26749834418296814,0,0.0,clips/horse/6uq5u_eECZI_30/audio.wav,clips/horse/6uq5u_eECZI_30/full_10s.wav
6vSrdliYZ08,7.0,horse,audioset,0.2606601417064667,0.5,0.2775866985321045,1,0.0,clips/horse/6vSrdliYZ08_7/audio.wav,clips/horse/6vSrdliYZ08_7/full_10s.wav
6yHcwG4UnmU,0.0,horse,audioset,0.5615234375,0.5,0.28748810291290283,1,0.0,clips/horse/6yHcwG4UnmU_0/audio.wav,clips/horse/6yHcwG4UnmU_0/full_10s.wav
6yU8Pj9PYOA,30.0,horse,audioset,0.2613404095172882,6.5,0.2719748020172119,8,0.0,clips/horse/6yU8Pj9PYOA_30/audio.wav,clips/horse/6yU8Pj9PYOA_30/full_10s.wav
6zKhO6NCchE,30.0,horse,audioset+vggsound,0.920265257358551,3.5,0.2518131732940674,3,0.0,clips/horse/6zKhO6NCchE_30/audio.wav,clips/horse/6zKhO6NCchE_30/full_10s.wav
6zbar8nLy2M,8.0,horse,audioset,0.3441701829433441,0.0,0.2693980634212494,3,0.0,clips/horse/6zbar8nLy2M_8/audio.wav,clips/horse/6zbar8nLy2M_8/full_10s.wav
6zsp_vxsT2w,0.0,horse,audioset,0.8120516538619995,0.5,0.25712376832962036,0,0.0,clips/horse/6zsp_vxsT2w_0/audio.wav,clips/horse/6zsp_vxsT2w_0/full_10s.wav
7-spIPmjIxg,10.0,horse,audioset+vggsound,0.6356638669967651,4.0,0.28243663907051086,8,0.0,clips/horse/7-spIPmjIxg_10/audio.wav,clips/horse/7-spIPmjIxg_10/full_10s.wav
70eVNzHqxIw,30.0,horse,audioset,0.643377423286438,6.5,0.2713020443916321,8,0.0,clips/horse/70eVNzHqxIw_30/audio.wav,clips/horse/70eVNzHqxIw_30/full_10s.wav
71SNXZ8Odzg,30.0,horse,audioset,0.710483193397522,6.0,0.2863224148750305,6,0.0,clips/horse/71SNXZ8Odzg_30/audio.wav,clips/horse/71SNXZ8Odzg_30/full_10s.wav
74WEY2JK6ps,511.0,horse,vggsound,0.3309260308742523,3.0,0.2969246804714203,4,0.0,clips/horse/74WEY2JK6ps_511/audio.wav,clips/horse/74WEY2JK6ps_511/full_10s.wav
75RhdntCi_Y,5.0,horse,audioset,0.8752217292785645,5.5,0.26294443011283875,4,0.0,clips/horse/75RhdntCi_Y_5/audio.wav,clips/horse/75RhdntCi_Y_5/full_10s.wav
75izBtLp20w,3.0,horse,audioset+vggsound,0.9109216928482056,1.0,0.27723732590675354,4,0.0,clips/horse/75izBtLp20w_3/audio.wav,clips/horse/75izBtLp20w_3/full_10s.wav
77FfWOYxERQ,30.0,horse,audioset,0.43506357073783875,6.5,0.27792125940322876,3,0.0,clips/horse/77FfWOYxERQ_30/audio.wav,clips/horse/77FfWOYxERQ_30/full_10s.wav
78s3Jhv6dt4,30.0,horse,audioset,0.9161924719810486,6.5,0.2921718657016754,4,0.0,clips/horse/78s3Jhv6dt4_30/audio.wav,clips/horse/78s3Jhv6dt4_30/full_10s.wav
79KXYmIvj-w,30.0,horse,audioset,0.7373666763305664,5.5,0.28238028287887573,7,0.0,clips/horse/79KXYmIvj-w_30/audio.wav,clips/horse/79KXYmIvj-w_30/full_10s.wav
79fNdmn7UeE,30.0,horse,audioset+vggsound,0.8552783727645874,1.0,0.26789140701293945,6,0.0,clips/horse/79fNdmn7UeE_30/audio.wav,clips/horse/79fNdmn7UeE_30/full_10s.wav
7AU8vDMjhXI,30.0,horse,audioset,0.543363094329834,3.0,0.27861475944519043,2,0.0,clips/horse/7AU8vDMjhXI_30/audio.wav,clips/horse/7AU8vDMjhXI_30/full_10s.wav
7B-4AqNRzJk,30.0,horse,audioset+vggsound,0.797330915927887,2.0,0.29091230034828186,2,0.0,clips/horse/7B-4AqNRzJk_30/audio.wav,clips/horse/7B-4AqNRzJk_30/full_10s.wav
7D9TVczy6rw,30.0,horse,audioset,0.5432272553443909,5.5,0.2931395471096039,6,0.0,clips/horse/7D9TVczy6rw_30/audio.wav,clips/horse/7D9TVczy6rw_30/full_10s.wav
7DiCtICan0w,0.0,horse,audioset+vggsound,0.9434677958488464,3.0,0.290188193321228,7,0.0,clips/horse/7DiCtICan0w_0/audio.wav,clips/horse/7DiCtICan0w_0/full_10s.wav
7EADZv7kSjE,70.0,horse,audioset,0.7856767177581787,6.5,0.26247328519821167,7,0.0,clips/horse/7EADZv7kSjE_70/audio.wav,clips/horse/7EADZv7kSjE_70/full_10s.wav
7EeyVPg896g,20.0,horse,audioset+vggsound,0.8176882266998291,3.5,0.2822493016719818,3,0.0,clips/horse/7EeyVPg896g_20/audio.wav,clips/horse/7EeyVPg896g_20/full_10s.wav
7FeDYRqfjDY,30.0,horse,audioset,0.9102827906608582,2.5,0.27314454317092896,5,0.0,clips/horse/7FeDYRqfjDY_30/audio.wav,clips/horse/7FeDYRqfjDY_30/full_10s.wav
7G9L_HC01IA,30.0,horse,audioset,0.4196208715438843,0.0,0.2690544128417969,5,0.0,clips/horse/7G9L_HC01IA_30/audio.wav,clips/horse/7G9L_HC01IA_30/full_10s.wav
7HA7RI8OzL0,30.0,horse,audioset,0.5101739168167114,5.0,0.2709779143333435,0,0.0,clips/horse/7HA7RI8OzL0_30/audio.wav,clips/horse/7HA7RI8OzL0_30/full_10s.wav
7IYr_8-jv3s,30.0,horse,audioset,0.9148797988891602,1.0,0.2495725154876709,3,0.0,clips/horse/7IYr_8-jv3s_30/audio.wav,clips/horse/7IYr_8-jv3s_30/full_10s.wav
7IcHHjvLDuw,26.0,horse,audioset,0.9235553741455078,6.0,0.2685147225856781,0,0.0,clips/horse/7IcHHjvLDuw_26/audio.wav,clips/horse/7IcHHjvLDuw_26/full_10s.wav
7ItlyES-PDk,28.0,horse,audioset,0.45004895329475403,6.0,0.30016326904296875,3,0.0,clips/horse/7ItlyES-PDk_28/audio.wav,clips/horse/7ItlyES-PDk_28/full_10s.wav
7JfwdJuB90o,30.0,horse,audioset,0.2543139159679413,5.5,0.2668764293193817,1,0.0,clips/horse/7JfwdJuB90o_30/audio.wav,clips/horse/7JfwdJuB90o_30/full_10s.wav
7LksPVwE7PU,30.0,horse,audioset,0.5631484985351562,0.5,0.27362707257270813,5,0.0,clips/horse/7LksPVwE7PU_30/audio.wav,clips/horse/7LksPVwE7PU_30/full_10s.wav
7MXmnkwj0iQ,30.0,horse,audioset,0.45024555921554565,6.5,0.27903956174850464,9,0.0,clips/horse/7MXmnkwj0iQ_30/audio.wav,clips/horse/7MXmnkwj0iQ_30/full_10s.wav
7NQB1DQkav0,130.0,horse,audioset,0.4141809046268463,4.5,0.28979697823524475,4,0.0,clips/horse/7NQB1DQkav0_130/audio.wav,clips/horse/7NQB1DQkav0_130/full_10s.wav
7PxNzIkuptI,330.0,horse,audioset+vggsound,0.8670971393585205,6.5,0.2945936322212219,2,0.0,clips/horse/7PxNzIkuptI_330/audio.wav,clips/horse/7PxNzIkuptI_330/full_10s.wav
7QUIkKO8Mac,30.0,horse,audioset+vggsound,0.6117598414421082,6.5,0.2784012258052826,3,0.0,clips/horse/7QUIkKO8Mac_30/audio.wav,clips/horse/7QUIkKO8Mac_30/full_10s.wav
7RBzV54bCw4,18.0,horse,audioset,0.48520025610923767,0.0,0.283900648355484,8,0.0,clips/horse/7RBzV54bCw4_18/audio.wav,clips/horse/7RBzV54bCw4_18/full_10s.wav
7S0tlS45N5s,1.0,horse,audioset,0.7699428796768188,1.5,0.27334779500961304,4,0.0,clips/horse/7S0tlS45N5s_1/audio.wav,clips/horse/7S0tlS45N5s_1/full_10s.wav
7SGr_rRJRSk,30.0,horse,audioset,0.9024186730384827,6.5,0.30049213767051697,8,0.0,clips/horse/7SGr_rRJRSk_30/audio.wav,clips/horse/7SGr_rRJRSk_30/full_10s.wav
7TMdhrlYovQ,10.0,horse,audioset+vggsound,0.8978975415229797,4.5,0.2758195400238037,8,0.0,clips/horse/7TMdhrlYovQ_10/audio.wav,clips/horse/7TMdhrlYovQ_10/full_10s.wav
7TigdBPgTGY,30.0,horse,audioset+vggsound,0.7321023941040039,3.0,0.28005674481391907,3,0.0,clips/horse/7TigdBPgTGY_30/audio.wav,clips/horse/7TigdBPgTGY_30/full_10s.wav
7UUYtJUfmyw,0.0,horse,audioset+vggsound,0.888586163520813,3.5,0.27759742736816406,4,0.0,clips/horse/7UUYtJUfmyw_0/audio.wav,clips/horse/7UUYtJUfmyw_0/full_10s.wav
7VWkvI4hqKs,30.0,horse,audioset,0.33165445923805237,5.0,0.281257301568985,3,0.0,clips/horse/7VWkvI4hqKs_30/audio.wav,clips/horse/7VWkvI4hqKs_30/full_10s.wav
7W08vmriHkA,30.0,horse,audioset,0.843442976474762,0.0,0.30114468932151794,8,0.0,clips/horse/7W08vmriHkA_30/audio.wav,clips/horse/7W08vmriHkA_30/full_10s.wav
7W_zK3d4Daw,30.0,horse,audioset+vggsound,0.654272198677063,2.5,0.2749944031238556,5,0.0,clips/horse/7W_zK3d4Daw_30/audio.wav,clips/horse/7W_zK3d4Daw_30/full_10s.wav
7WvN8zZYHss,30.0,horse,audioset+vggsound,0.7454264163970947,5.0,0.2734520137310028,8,0.0,clips/horse/7WvN8zZYHss_30/audio.wav,clips/horse/7WvN8zZYHss_30/full_10s.wav
7XYy9eZLdDk,0.0,horse,vggsound,0.7587034702301025,1.5,0.27895987033843994,3,0.0,clips/horse/7XYy9eZLdDk_0/audio.wav,clips/horse/7XYy9eZLdDk_0/full_10s.wav
7Xh7YfypEgk,18.0,horse,audioset+vggsound,0.5315507650375366,0.0,0.27612635493278503,4,0.0,clips/horse/7Xh7YfypEgk_18/audio.wav,clips/horse/7Xh7YfypEgk_18/full_10s.wav
7YGUQYRwnHs,19.0,horse,vggsound,0.9358136057853699,4.0,0.30091434717178345,6,0.0,clips/horse/7YGUQYRwnHs_19/audio.wav,clips/horse/7YGUQYRwnHs_19/full_10s.wav
7YGUQYRwnHs,9.0,horse,vggsound,0.7588294148445129,3.0,0.28702470660209656,6,0.0,clips/horse/7YGUQYRwnHs_9/audio.wav,clips/horse/7YGUQYRwnHs_9/full_10s.wav
7bO0AJI-ihs,30.0,horse,audioset,0.9891959428787231,6.5,0.2809063196182251,3,0.0,clips/horse/7bO0AJI-ihs_30/audio.wav,clips/horse/7bO0AJI-ihs_30/full_10s.wav
7cwkldcddQ0,30.0,horse,audioset,0.6863536238670349,2.0,0.2772828936576843,7,0.0,clips/horse/7cwkldcddQ0_30/audio.wav,clips/horse/7cwkldcddQ0_30/full_10s.wav
7eQYMhdp5WI,30.0,horse,audioset,0.6758769750595093,0.0,0.23295244574546814,6,0.0,clips/horse/7eQYMhdp5WI_30/audio.wav,clips/horse/7eQYMhdp5WI_30/full_10s.wav
7eXKpkgGhtw,3.0,horse,vggsound,0.4239303469657898,0.5,0.29999881982803345,5,0.0,clips/horse/7eXKpkgGhtw_3/audio.wav,clips/horse/7eXKpkgGhtw_3/full_10s.wav
7emI1RyTVjo,27.0,horse,audioset+vggsound,0.6427668929100037,2.0,0.29222673177719116,1,0.0,clips/horse/7emI1RyTVjo_27/audio.wav,clips/horse/7emI1RyTVjo_27/full_10s.wav
7f6mi3HUVsE,130.0,horse,audioset,0.7933526635169983,6.5,0.26249006390571594,6,0.0,clips/horse/7f6mi3HUVsE_130/audio.wav,clips/horse/7f6mi3HUVsE_130/full_10s.wav
7f8BXla32wY,30.0,horse,audioset+vggsound,0.9894327521324158,6.5,0.2804444134235382,0,0.0,clips/horse/7f8BXla32wY_30/audio.wav,clips/horse/7f8BXla32wY_30/full_10s.wav
7f_fmZQegaI,30.0,horse,audioset,0.6134763956069946,3.5,0.27509960532188416,6,0.0,clips/horse/7f_fmZQegaI_30/audio.wav,clips/horse/7f_fmZQegaI_30/full_10s.wav
7fgkopOMz-s,14.0,horse,audioset+vggsound,0.9187478423118591,3.0,0.275812566280365,6,0.0,clips/horse/7fgkopOMz-s_14/audio.wav,clips/horse/7fgkopOMz-s_14/full_10s.wav
7gi5l9R1nEo,30.0,horse,audioset,0.39932024478912354,6.5,0.29810070991516113,9,0.0,clips/horse/7gi5l9R1nEo_30/audio.wav,clips/horse/7gi5l9R1nEo_30/full_10s.wav
7i5Ih0DdUhk,50.0,horse,audioset+vggsound,0.9711632132530212,0.5,0.2827317714691162,8,0.0,clips/horse/7i5Ih0DdUhk_50/audio.wav,clips/horse/7i5Ih0DdUhk_50/full_10s.wav
7lNA0y99zfg,30.0,horse,audioset,0.9890719652175903,3.5,0.2434038519859314,2,0.0,clips/horse/7lNA0y99zfg_30/audio.wav,clips/horse/7lNA0y99zfg_30/full_10s.wav
7lbsSndG2jY,30.0,horse,audioset+vggsound,0.4725854992866516,4.0,0.2911030054092407,7,0.0,clips/horse/7lbsSndG2jY_30/audio.wav,clips/horse/7lbsSndG2jY_30/full_10s.wav
7lsRcW8ji7w,25.0,horse,audioset,0.8647170662879944,0.0,0.2802407741546631,7,0.0,clips/horse/7lsRcW8ji7w_25/audio.wav,clips/horse/7lsRcW8ji7w_25/full_10s.wav
7nqj5iaqNoQ,30.0,horse,audioset,0.9185022711753845,0.5,0.25182226300239563,0,0.0,clips/horse/7nqj5iaqNoQ_30/audio.wav,clips/horse/7nqj5iaqNoQ_30/full_10s.wav
7ozlhx-0voo,0.0,horse,audioset,0.9195442795753479,1.0,0.26930496096611023,3,0.0,clips/horse/7ozlhx-0voo_0/audio.wav,clips/horse/7ozlhx-0voo_0/full_10s.wav
7qE7-mf7h9c,30.0,horse,audioset,0.3348754346370697,6.0,0.29160749912261963,6,0.0,clips/horse/7qE7-mf7h9c_30/audio.wav,clips/horse/7qE7-mf7h9c_30/full_10s.wav
7r10dnkTC-g,70.0,horse,audioset+vggsound,0.7634719610214233,2.0,0.2681967318058014,9,0.0,clips/horse/7r10dnkTC-g_70/audio.wav,clips/horse/7r10dnkTC-g_70/full_10s.wav
7tFcJHdBw2w,30.0,horse,audioset,0.8642284274101257,6.5,0.2807978689670563,9,0.0,clips/horse/7tFcJHdBw2w_30/audio.wav,clips/horse/7tFcJHdBw2w_30/full_10s.wav
7tLJnId0JNs,16.0,horse,audioset+vggsound,0.9372210502624512,5.5,0.2685794234275818,6,0.0,clips/horse/7tLJnId0JNs_16/audio.wav,clips/horse/7tLJnId0JNs_16/full_10s.wav
7uqPJVrJCJs,6.0,horse,audioset,0.7342698574066162,6.0,0.2891552150249481,7,0.0,clips/horse/7uqPJVrJCJs_6/audio.wav,clips/horse/7uqPJVrJCJs_6/full_10s.wav
7vJTlX6IFIw,25.0,horse,audioset+vggsound,0.9838587641716003,5.5,0.2937166690826416,0,0.0,clips/horse/7vJTlX6IFIw_25/audio.wav,clips/horse/7vJTlX6IFIw_25/full_10s.wav
7xfFyyRHLwk,60.0,horse,audioset,0.8196476697921753,4.0,0.29106053709983826,0,0.0,clips/horse/7xfFyyRHLwk_60/audio.wav,clips/horse/7xfFyyRHLwk_60/full_10s.wav
8-TiA3wrGVM,30.0,horse,audioset+vggsound,0.4293275475502014,5.0,0.28459852933883667,2,0.0,clips/horse/8-TiA3wrGVM_30/audio.wav,clips/horse/8-TiA3wrGVM_30/full_10s.wav
8-yKZLSR5v0,40.0,horse,audioset,0.6649116277694702,0.0,0.275629460811615,4,0.0,clips/horse/8-yKZLSR5v0_40/audio.wav,clips/horse/8-yKZLSR5v0_40/full_10s.wav
82MhFNJUnQk,24.0,horse,audioset,0.2986500859260559,4.5,0.254201740026474,2,0.0,clips/horse/82MhFNJUnQk_24/audio.wav,clips/horse/82MhFNJUnQk_24/full_10s.wav
84B3lhN0rRY,30.0,horse,audioset,0.27816519141197205,6.0,0.28967732191085815,3,0.0,clips/horse/84B3lhN0rRY_30/audio.wav,clips/horse/84B3lhN0rRY_30/full_10s.wav
85LmxhmQd_0,8.0,horse,audioset,0.9036056995391846,0.0,0.2716439962387085,4,0.0,clips/horse/85LmxhmQd_0_8/audio.wav,clips/horse/85LmxhmQd_0_8/full_10s.wav
88D7xDUFCEc,30.0,horse,audioset+vggsound,0.914802074432373,6.5,0.2774715721607208,4,0.0,clips/horse/88D7xDUFCEc_30/audio.wav,clips/horse/88D7xDUFCEc_30/full_10s.wav
88ke2UtoGXM,30.0,horse,audioset,0.9923112988471985,3.0,0.29824405908584595,6,0.0,clips/horse/88ke2UtoGXM_30/audio.wav,clips/horse/88ke2UtoGXM_30/full_10s.wav
88y6zYI09l0,30.0,horse,audioset+vggsound,0.6485064029693604,4.5,0.27766260504722595,5,0.0,clips/horse/88y6zYI09l0_30/audio.wav,clips/horse/88y6zYI09l0_30/full_10s.wav
89O2CEacXT0,19.0,horse,audioset+vggsound,0.950894296169281,0.5,0.29117119312286377,2,0.0,clips/horse/89O2CEacXT0_19/audio.wav,clips/horse/89O2CEacXT0_19/full_10s.wav
89_pvn4uRzs,30.0,horse,audioset,0.7777248024940491,3.0,0.28132981061935425,6,0.0,clips/horse/89_pvn4uRzs_30/audio.wav,clips/horse/89_pvn4uRzs_30/full_10s.wav
8A0f4HU0gh8,30.0,horse,audioset,0.8873142600059509,6.5,0.2551150619983673,6,0.0,clips/horse/8A0f4HU0gh8_30/audio.wav,clips/horse/8A0f4HU0gh8_30/full_10s.wav
8AZLx0jmBuY,30.0,horse,audioset+vggsound,0.9273886680603027,1.0,0.29519107937812805,6,0.0,clips/horse/8AZLx0jmBuY_30/audio.wav,clips/horse/8AZLx0jmBuY_30/full_10s.wav
8ApAJlGwze0,2.0,horse,audioset,0.9161379337310791,3.5,0.26099300384521484,4,0.0,clips/horse/8ApAJlGwze0_2/audio.wav,clips/horse/8ApAJlGwze0_2/full_10s.wav
8B0Y8_v13Oo,21.0,horse,audioset,0.9254558086395264,2.0,0.23050782084465027,2,0.0,clips/horse/8B0Y8_v13Oo_21/audio.wav,clips/horse/8B0Y8_v13Oo_21/full_10s.wav
8BiHncubQ3E,30.0,horse,audioset+vggsound,0.5168967247009277,4.5,0.27836355566978455,9,0.0,clips/horse/8BiHncubQ3E_30/audio.wav,clips/horse/8BiHncubQ3E_30/full_10s.wav
8C2l8q6qBew,30.0,horse,audioset+vggsound,0.8608411550521851,5.5,0.25252240896224976,0,0.0,clips/horse/8C2l8q6qBew_30/audio.wav,clips/horse/8C2l8q6qBew_30/full_10s.wav
8C4QuVVfDVk,0.0,horse,audioset,0.7423725724220276,4.5,0.28269773721694946,0,0.0,clips/horse/8C4QuVVfDVk_0/audio.wav,clips/horse/8C4QuVVfDVk_0/full_10s.wav
8Cex_va7-8U,17.0,horse,audioset,0.8131539821624756,2.5,0.28063344955444336,4,0.0,clips/horse/8Cex_va7-8U_17/audio.wav,clips/horse/8Cex_va7-8U_17/full_10s.wav
8DLzTUMveSU,30.0,horse,audioset+vggsound,0.9652706384658813,6.5,0.28047728538513184,3,0.0,clips/horse/8DLzTUMveSU_30/audio.wav,clips/horse/8DLzTUMveSU_30/full_10s.wav
8DOzR2MFZ-k,30.0,horse,audioset+vggsound,0.9699831008911133,5.0,0.2747285068035126,7,0.0,clips/horse/8DOzR2MFZ-k_30/audio.wav,clips/horse/8DOzR2MFZ-k_30/full_10s.wav
8DRuR8cEkD8,80.0,horse,audioset+vggsound,0.8264079093933105,5.5,0.2742725610733032,5,0.0,clips/horse/8DRuR8cEkD8_80/audio.wav,clips/horse/8DRuR8cEkD8_80/full_10s.wav
8E4WsBXWcOE,30.0,horse,audioset,0.30103325843811035,1.5,0.2832522988319397,8,0.0,clips/horse/8E4WsBXWcOE_30/audio.wav,clips/horse/8E4WsBXWcOE_30/full_10s.wav
8ENPBWcJTX8,20.0,horse,audioset,0.7427567839622498,6.5,0.2827036380767822,6,0.0,clips/horse/8ENPBWcJTX8_20/audio.wav,clips/horse/8ENPBWcJTX8_20/full_10s.wav
8FLmr3PWbJw,30.0,horse,audioset,0.9028802514076233,0.0,0.2547861635684967,9,0.0,clips/horse/8FLmr3PWbJw_30/audio.wav,clips/horse/8FLmr3PWbJw_30/full_10s.wav
8GCcxr7_2tw,30.0,horse,audioset+vggsound,0.8943187594413757,6.0,0.28208136558532715,8,0.0,clips/horse/8GCcxr7_2tw_30/audio.wav,clips/horse/8GCcxr7_2tw_30/full_10s.wav
8GiYnaTNJvg,30.0,horse,audioset,0.7990071773529053,4.0,0.2933669090270996,2,0.0,clips/horse/8GiYnaTNJvg_30/audio.wav,clips/horse/8GiYnaTNJvg_30/full_10s.wav
8H_EUue34GM,30.0,horse,audioset+vggsound,0.9351751208305359,0.0,0.2778996229171753,9,0.0,clips/horse/8H_EUue34GM_30/audio.wav,clips/horse/8H_EUue34GM_30/full_10s.wav
8I_Aph9P43M,8.0,horse,audioset+vggsound,0.6628656387329102,4.0,0.26356515288352966,6,0.0,clips/horse/8I_Aph9P43M_8/audio.wav,clips/horse/8I_Aph9P43M_8/full_10s.wav
8KwKGGJYVms,30.0,horse,audioset,0.8230821490287781,5.5,0.2831842303276062,3,0.0,clips/horse/8KwKGGJYVms_30/audio.wav,clips/horse/8KwKGGJYVms_30/full_10s.wav
8MQIknjGWj8,0.0,horse,audioset,0.731123149394989,0.0,0.2763170599937439,1,0.0,clips/horse/8MQIknjGWj8_0/audio.wav,clips/horse/8MQIknjGWj8_0/full_10s.wav
8MRQMmsW4qs,0.0,horse,audioset,0.6881933808326721,3.0,0.2693013548851013,6,0.0,clips/horse/8MRQMmsW4qs_0/audio.wav,clips/horse/8MRQMmsW4qs_0/full_10s.wav
8OSNAXTwwHI,150.0,horse,audioset,0.3981001675128937,0.5,0.2693771421909332,1,0.0,clips/horse/8OSNAXTwwHI_150/audio.wav,clips/horse/8OSNAXTwwHI_150/full_10s.wav
8PFNEQeIysk,30.0,horse,audioset+vggsound,0.6929642558097839,1.0,0.28432518243789673,9,0.0,clips/horse/8PFNEQeIysk_30/audio.wav,clips/horse/8PFNEQeIysk_30/full_10s.wav
8Q8QuCN2Rhk,17.0,horse,audioset,0.7928016185760498,1.0,0.2788638770580292,0,0.0,clips/horse/8Q8QuCN2Rhk_17/audio.wav,clips/horse/8Q8QuCN2Rhk_17/full_10s.wav
8QeQo0yjX3w,30.0,horse,audioset,0.5125339031219482,3.5,0.2830532491207123,2,0.0,clips/horse/8QeQo0yjX3w_30/audio.wav,clips/horse/8QeQo0yjX3w_30/full_10s.wav
8R34JvBVDZ8,30.0,horse,audioset+vggsound,0.5591777563095093,2.0,0.27684494853019714,7,0.0,clips/horse/8R34JvBVDZ8_30/audio.wav,clips/horse/8R34JvBVDZ8_30/full_10s.wav
8S6cPxtWdvY,30.0,horse,audioset+vggsound,0.9481258392333984,5.5,0.2516137361526489,8,0.0,clips/horse/8S6cPxtWdvY_30/audio.wav,clips/horse/8S6cPxtWdvY_30/full_10s.wav
8Sc4jSAuADM,30.0,horse,audioset,0.5879123210906982,3.0,0.26531562209129333,4,0.0,clips/horse/8Sc4jSAuADM_30/audio.wav,clips/horse/8Sc4jSAuADM_30/full_10s.wav
8SidCM5ORmI,370.0,horse,audioset,0.9352676272392273,3.0,0.2530822455883026,7,0.0,clips/horse/8SidCM5ORmI_370/audio.wav,clips/horse/8SidCM5ORmI_370/full_10s.wav
8TNOy4zJxn4,120.0,horse,audioset,0.25856515765190125,6.0,0.26934224367141724,4,0.0,clips/horse/8TNOy4zJxn4_120/audio.wav,clips/horse/8TNOy4zJxn4_120/full_10s.wav
8VjdNs4lqus,0.0,horse,audioset,0.46753981709480286,1.0,0.2794530689716339,4,0.0,clips/horse/8VjdNs4lqus_0/audio.wav,clips/horse/8VjdNs4lqus_0/full_10s.wav
8X2BKRVhmew,30.0,horse,audioset,0.962864339351654,2.0,0.2726971507072449,4,0.0,clips/horse/8X2BKRVhmew_30/audio.wav,clips/horse/8X2BKRVhmew_30/full_10s.wav
8X7Ovi_mI_s,30.0,horse,audioset,0.8208159804344177,3.0,0.27894705533981323,3,0.0,clips/horse/8X7Ovi_mI_s_30/audio.wav,clips/horse/8X7Ovi_mI_s_30/full_10s.wav
8Y6zXBSg63o,60.0,horse,audioset,0.9818246960639954,3.5,0.283599317073822,3,0.0,clips/horse/8Y6zXBSg63o_60/audio.wav,clips/horse/8Y6zXBSg63o_60/full_10s.wav
8YSDo1wTo3M,28.0,horse,audioset+vggsound,0.8470483422279358,4.0,0.275568425655365,5,0.0,clips/horse/8YSDo1wTo3M_28/audio.wav,clips/horse/8YSDo1wTo3M_28/full_10s.wav
8_04qENgGF0,18.0,horse,vggsound,0.9656789898872375,3.0,0.29247620701789856,6,0.0,clips/horse/8_04qENgGF0_18/audio.wav,clips/horse/8_04qENgGF0_18/full_10s.wav
8_04qENgGF0,7.0,horse,vggsound,0.9490633606910706,2.5,0.29462164640426636,0,0.0,clips/horse/8_04qENgGF0_7/audio.wav,clips/horse/8_04qENgGF0_7/full_10s.wav
8_OFbRpXIOk,30.0,horse,audioset+vggsound,0.845055878162384,6.5,0.2944032847881317,1,0.0,clips/horse/8_OFbRpXIOk_30/audio.wav,clips/horse/8_OFbRpXIOk_30/full_10s.wav
8aokC4knIV0,30.0,horse,audioset+vggsound,0.47837701439857483,1.0,0.2652025818824768,6,0.0,clips/horse/8aokC4knIV0_30/audio.wav,clips/horse/8aokC4knIV0_30/full_10s.wav
8bRkaR1GdSI,30.0,horse,audioset,0.7095345258712769,5.0,0.2877711355686188,7,0.0,clips/horse/8bRkaR1GdSI_30/audio.wav,clips/horse/8bRkaR1GdSI_30/full_10s.wav
8d3WbkLC7Gw,30.0,horse,audioset,0.4634625017642975,6.0,0.29077109694480896,0,0.0,clips/horse/8d3WbkLC7Gw_30/audio.wav,clips/horse/8d3WbkLC7Gw_30/full_10s.wav
8e-iXN1qF-o,30.0,horse,audioset+vggsound,0.9913467764854431,6.5,0.27997246384620667,6,0.0,clips/horse/8e-iXN1qF-o_30/audio.wav,clips/horse/8e-iXN1qF-o_30/full_10s.wav
8e95dYtqFtI,30.0,horse,audioset,0.3705870807170868,6.5,0.2752588987350464,0,0.0,clips/horse/8e95dYtqFtI_30/audio.wav,clips/horse/8e95dYtqFtI_30/full_10s.wav
8ebKgCBeEX8,30.0,horse,audioset,0.6122272610664368,0.5,0.2902444005012512,3,0.0,clips/horse/8ebKgCBeEX8_30/audio.wav,clips/horse/8ebKgCBeEX8_30/full_10s.wav
8eck2zkmEQc,5.0,horse,audioset,0.2805081903934479,5.5,0.2724341154098511,0,0.0,clips/horse/8eck2zkmEQc_5/audio.wav,clips/horse/8eck2zkmEQc_5/full_10s.wav
8evvUj59lEM,30.0,horse,audioset,0.35891276597976685,3.0,0.2526299059391022,6,0.0,clips/horse/8evvUj59lEM_30/audio.wav,clips/horse/8evvUj59lEM_30/full_10s.wav
8f_pbtu2Mv4,3.0,horse,vggsound,0.947617769241333,5.0,0.3049162030220032,5,0.0,clips/horse/8f_pbtu2Mv4_3/audio.wav,clips/horse/8f_pbtu2Mv4_3/full_10s.wav
8f_pbtu2Mv4,32.0,horse,vggsound,0.930416464805603,3.5,0.30258387327194214,5,0.0,clips/horse/8f_pbtu2Mv4_32/audio.wav,clips/horse/8f_pbtu2Mv4_32/full_10s.wav
8gAMieUklJs,30.0,horse,audioset,0.6827907562255859,0.5,0.2780515253543854,0,0.0,clips/horse/8gAMieUklJs_30/audio.wav,clips/horse/8gAMieUklJs_30/full_10s.wav
8gHwCSxju2s,100.0,horse,audioset,0.8837230205535889,5.0,0.274349182844162,0,0.0,clips/horse/8gHwCSxju2s_100/audio.wav,clips/horse/8gHwCSxju2s_100/full_10s.wav
8hU-ZHRUUYg,30.0,horse,audioset,0.9736291766166687,0.0,0.29446566104888916,1,0.0,clips/horse/8hU-ZHRUUYg_30/audio.wav,clips/horse/8hU-ZHRUUYg_30/full_10s.wav
8i6H9EYZ0fk,30.0,horse,audioset,0.6561222672462463,6.5,0.28015923500061035,9,0.0,clips/horse/8i6H9EYZ0fk_30/audio.wav,clips/horse/8i6H9EYZ0fk_30/full_10s.wav
8iHnkIxAxBA,30.0,horse,audioset,0.6026237607002258,0.0,0.27203133702278137,3,0.0,clips/horse/8iHnkIxAxBA_30/audio.wav,clips/horse/8iHnkIxAxBA_30/full_10s.wav
8iHywI5rtQQ,10.0,horse,audioset,0.9414054751396179,3.0,0.23992042243480682,3,0.0,clips/horse/8iHywI5rtQQ_10/audio.wav,clips/horse/8iHywI5rtQQ_10/full_10s.wav
8kl8y-5JFZ0,30.0,horse,audioset+vggsound,0.8301181793212891,0.5,0.29517194628715515,2,0.0,clips/horse/8kl8y-5JFZ0_30/audio.wav,clips/horse/8kl8y-5JFZ0_30/full_10s.wav
8mAgde_sIKw,0.0,horse,audioset,0.4545878469944,0.5,0.30001407861709595,2,0.0,clips/horse/8mAgde_sIKw_0/audio.wav,clips/horse/8mAgde_sIKw_0/full_10s.wav
8mhecLr6Veo,27.0,horse,audioset+vggsound,0.6465611457824707,6.0,0.2807338833808899,7,0.0,clips/horse/8mhecLr6Veo_27/audio.wav,clips/horse/8mhecLr6Veo_27/full_10s.wav
8mumbyJ0ZhU,111.0,horse,vggsound,0.8820667266845703,6.5,0.3025430142879486,2,0.0,clips/horse/8mumbyJ0ZhU_111/audio.wav,clips/horse/8mumbyJ0ZhU_111/full_10s.wav
8mumbyJ0ZhU,48.0,horse,vggsound,0.9124290347099304,5.0,0.29718780517578125,6,0.0,clips/horse/8mumbyJ0ZhU_48/audio.wav,clips/horse/8mumbyJ0ZhU_48/full_10s.wav
8nSPHrFb2z0,30.0,horse,audioset,0.26659756898880005,0.5,0.26152488589286804,3,0.0,clips/horse/8nSPHrFb2z0_30/audio.wav,clips/horse/8nSPHrFb2z0_30/full_10s.wav
8ndA8I5HdoA,6.0,horse,audioset+vggsound,0.9059324264526367,5.0,0.26620373129844666,2,0.0,clips/horse/8ndA8I5HdoA_6/audio.wav,clips/horse/8ndA8I5HdoA_6/full_10s.wav
8nwv0siTq5E,30.0,horse,audioset,0.9868438839912415,4.5,0.23527240753173828,5,0.0,clips/horse/8nwv0siTq5E_30/audio.wav,clips/horse/8nwv0siTq5E_30/full_10s.wav
8o1GjWTyBag,30.0,horse,audioset,0.31448325514793396,6.5,0.2672383189201355,8,0.0,clips/horse/8o1GjWTyBag_30/audio.wav,clips/horse/8o1GjWTyBag_30/full_10s.wav
8rEewakL7JQ,30.0,horse,audioset,0.8828347325325012,4.5,0.27238136529922485,1,0.0,clips/horse/8rEewakL7JQ_30/audio.wav,clips/horse/8rEewakL7JQ_30/full_10s.wav
8uVrm3qXzF4,30.0,horse,audioset+vggsound,0.9716407656669617,6.5,0.29186850786209106,1,0.0,clips/horse/8uVrm3qXzF4_30/audio.wav,clips/horse/8uVrm3qXzF4_30/full_10s.wav
8xPXDFNI7y8,9.0,horse,audioset+vggsound,0.9482842683792114,1.0,0.3017914295196533,7,0.0,clips/horse/8xPXDFNI7y8_9/audio.wav,clips/horse/8xPXDFNI7y8_9/full_10s.wav
8xfX6p4e1ZI,30.0,horse,audioset+vggsound,0.8700227737426758,2.0,0.27594509720802307,1,0.0,clips/horse/8xfX6p4e1ZI_30/audio.wav,clips/horse/8xfX6p4e1ZI_30/full_10s.wav
8xnbMFQDdm4,11.0,horse,audioset,0.4806404411792755,1.0,0.2801520824432373,2,0.0,clips/horse/8xnbMFQDdm4_11/audio.wav,clips/horse/8xnbMFQDdm4_11/full_10s.wav
8xuX1Fq2dXM,30.0,horse,audioset+vggsound,0.6134691834449768,2.5,0.2619570791721344,6,0.0,clips/horse/8xuX1Fq2dXM_30/audio.wav,clips/horse/8xuX1Fq2dXM_30/full_10s.wav
8yL9bXfJdu4,30.0,horse,audioset,0.5881971120834351,6.0,0.2841019034385681,6,0.0,clips/horse/8yL9bXfJdu4_30/audio.wav,clips/horse/8yL9bXfJdu4_30/full_10s.wav
8yReZ3CSdvk,9.0,horse,audioset,0.9631929397583008,6.0,0.2984328866004944,2,0.0,clips/horse/8yReZ3CSdvk_9/audio.wav,clips/horse/8yReZ3CSdvk_9/full_10s.wav
8yd3H8O4bBE,30.0,horse,audioset+vggsound,0.7804906368255615,4.5,0.27864310145378113,0,0.0,clips/horse/8yd3H8O4bBE_30/audio.wav,clips/horse/8yd3H8O4bBE_30/full_10s.wav
8zCZn-FoMII,540.0,horse,audioset,0.26060789823532104,6.0,0.29039084911346436,6,0.0,clips/horse/8zCZn-FoMII_540/audio.wav,clips/horse/8zCZn-FoMII_540/full_10s.wav
8zSAx8vfvLQ,30.0,horse,audioset,0.8541711568832397,2.5,0.2632506489753723,5,0.0,clips/horse/8zSAx8vfvLQ_30/audio.wav,clips/horse/8zSAx8vfvLQ_30/full_10s.wav
8zqnpI16GcY,30.0,horse,audioset+vggsound,0.6003506183624268,6.5,0.26203984022140503,3,0.0,clips/horse/8zqnpI16GcY_30/audio.wav,clips/horse/8zqnpI16GcY_30/full_10s.wav
9-2AntJ1FTA,0.0,horse,audioset,0.6795805096626282,2.0,0.2929772734642029,4,0.0,clips/horse/9-2AntJ1FTA_0/audio.wav,clips/horse/9-2AntJ1FTA_0/full_10s.wav
91m9m-klWRE,30.0,horse,audioset,0.9317638874053955,6.5,0.27432629466056824,3,0.0,clips/horse/91m9m-klWRE_30/audio.wav,clips/horse/91m9m-klWRE_30/full_10s.wav
92_ErJou0wg,30.0,horse,audioset,0.2755557894706726,6.5,0.28485995531082153,3,0.0,clips/horse/92_ErJou0wg_30/audio.wav,clips/horse/92_ErJou0wg_30/full_10s.wav
94A0DDILToI,30.0,horse,audioset+vggsound,0.914715588092804,0.0,0.2745440602302551,1,0.0,clips/horse/94A0DDILToI_30/audio.wav,clips/horse/94A0DDILToI_30/full_10s.wav
94s802HX2gw,27.0,horse,audioset+vggsound,0.7752654552459717,2.5,0.2920691967010498,1,0.0,clips/horse/94s802HX2gw_27/audio.wav,clips/horse/94s802HX2gw_27/full_10s.wav
96-ABYpt7yk,30.0,horse,audioset,0.8105989694595337,6.0,0.23482099175453186,3,0.0,clips/horse/96-ABYpt7yk_30/audio.wav,clips/horse/96-ABYpt7yk_30/full_10s.wav
9684lJ9X_OY,30.0,horse,audioset,0.7245197296142578,4.0,0.27394840121269226,8,0.0,clips/horse/9684lJ9X_OY_30/audio.wav,clips/horse/9684lJ9X_OY_30/full_10s.wav
96Q4WKalgH8,12.0,horse,audioset,0.9179404377937317,0.0,0.2716597020626068,0,0.0,clips/horse/96Q4WKalgH8_12/audio.wav,clips/horse/96Q4WKalgH8_12/full_10s.wav
97AAveEIXuc,4.0,horse,audioset,0.9333140254020691,0.5,0.2713041305541992,3,0.0,clips/horse/97AAveEIXuc_4/audio.wav,clips/horse/97AAveEIXuc_4/full_10s.wav
99nCZ4vC5Mg,30.0,horse,audioset+vggsound,0.6434752941131592,4.5,0.28207647800445557,6,0.0,clips/horse/99nCZ4vC5Mg_30/audio.wav,clips/horse/99nCZ4vC5Mg_30/full_10s.wav
9A8hgZdD__g,30.0,horse,audioset+vggsound,0.40151843428611755,2.5,0.27882444858551025,4,0.0,clips/horse/9A8hgZdD__g_30/audio.wav,clips/horse/9A8hgZdD__g_30/full_10s.wav
9AaGx-d70Cs,30.0,horse,audioset+vggsound,0.6053199768066406,3.0,0.27285659313201904,6,0.0,clips/horse/9AaGx-d70Cs_30/audio.wav,clips/horse/9AaGx-d70Cs_30/full_10s.wav
9BnbOP8vEQk,30.0,horse,audioset,0.8847413659095764,4.0,0.2802802324295044,9,0.0,clips/horse/9BnbOP8vEQk_30/audio.wav,clips/horse/9BnbOP8vEQk_30/full_10s.wav
9CuVtrx64ns,20.0,horse,audioset,0.45674601197242737,6.5,0.2752033472061157,0,0.0,clips/horse/9CuVtrx64ns_20/audio.wav,clips/horse/9CuVtrx64ns_20/full_10s.wav
9EHLkqiOobo,1.0,horse,audioset,0.47432973980903625,0.5,0.2911487817764282,7,0.0,clips/horse/9EHLkqiOobo_1/audio.wav,clips/horse/9EHLkqiOobo_1/full_10s.wav
9Fohz20ARUQ,3.0,horse,audioset,0.43599143624305725,3.5,0.29002225399017334,2,0.0,clips/horse/9Fohz20ARUQ_3/audio.wav,clips/horse/9Fohz20ARUQ_3/full_10s.wav
9FxKN0xBtPA,20.0,horse,audioset,0.7191159725189209,2.5,0.23375585675239563,5,0.0,clips/horse/9FxKN0xBtPA_20/audio.wav,clips/horse/9FxKN0xBtPA_20/full_10s.wav
9G6V6Iv_nmY,240.0,horse,audioset,0.8655081391334534,2.5,0.26901090145111084,6,0.0,clips/horse/9G6V6Iv_nmY_240/audio.wav,clips/horse/9G6V6Iv_nmY_240/full_10s.wav
9GptFm2hTvI,2.0,horse,audioset+vggsound,0.9465052485466003,4.5,0.2564098834991455,7,0.0,clips/horse/9GptFm2hTvI_2/audio.wav,clips/horse/9GptFm2hTvI_2/full_10s.wav
9H2aJJiGd0Q,17.0,horse,audioset+vggsound,0.4484732449054718,0.0,0.27807754278182983,8,0.0,clips/horse/9H2aJJiGd0Q_17/audio.wav,clips/horse/9H2aJJiGd0Q_17/full_10s.wav
9H8BtDvejuo,30.0,horse,audioset,0.6926200985908508,6.5,0.26561227440834045,0,0.0,clips/horse/9H8BtDvejuo_30/audio.wav,clips/horse/9H8BtDvejuo_30/full_10s.wav
9I4ldAhVqJM,120.0,horse,audioset,0.4804338812828064,5.0,0.27762287855148315,8,0.0,clips/horse/9I4ldAhVqJM_120/audio.wav,clips/horse/9I4ldAhVqJM_120/full_10s.wav
9IizyVHdDb0,180.0,horse,audioset,0.3314797282218933,0.5,0.2848699688911438,8,0.0,clips/horse/9IizyVHdDb0_180/audio.wav,clips/horse/9IizyVHdDb0_180/full_10s.wav
9K5n4TZO5Rw,0.0,horse,audioset,0.6696293950080872,6.0,0.2788105905056,5,0.0,clips/horse/9K5n4TZO5Rw_0/audio.wav,clips/horse/9K5n4TZO5Rw_0/full_10s.wav
9KTb3dAKIuU,30.0,horse,audioset+vggsound,0.46814846992492676,1.5,0.24642574787139893,0,0.0,clips/horse/9KTb3dAKIuU_30/audio.wav,clips/horse/9KTb3dAKIuU_30/full_10s.wav
9LR3IuHq30Y,18.0,horse,audioset,0.9536545872688293,5.0,0.2481960952281952,0,0.0,clips/horse/9LR3IuHq30Y_18/audio.wav,clips/horse/9LR3IuHq30Y_18/full_10s.wav
9MoATXm3R6s,30.0,horse,audioset,0.8237435221672058,6.0,0.25705310702323914,9,0.0,clips/horse/9MoATXm3R6s_30/audio.wav,clips/horse/9MoATXm3R6s_30/full_10s.wav
9OoXhYzaHnA,27.0,horse,audioset+vggsound,0.37501224875450134,0.5,0.27125465869903564,4,0.0,clips/horse/9OoXhYzaHnA_27/audio.wav,clips/horse/9OoXhYzaHnA_27/full_10s.wav
9QhkaZxAQaA,29.0,horse,audioset,0.7097463011741638,5.5,0.2905658185482025,1,0.0,clips/horse/9QhkaZxAQaA_29/audio.wav,clips/horse/9QhkaZxAQaA_29/full_10s.wav
9RmxsPADya8,30.0,horse,audioset+vggsound,0.8329400420188904,5.5,0.2891717553138733,3,0.0,clips/horse/9RmxsPADya8_30/audio.wav,clips/horse/9RmxsPADya8_30/full_10s.wav
9SI8zQSm6-8,80.0,horse,audioset,0.8736246824264526,4.5,0.2903439402580261,0,0.0,clips/horse/9SI8zQSm6-8_80/audio.wav,clips/horse/9SI8zQSm6-8_80/full_10s.wav
9TkYmoqWJ00,39.0,horse,vggsound,0.8301375508308411,6.5,0.29348644614219666,3,0.0,clips/horse/9TkYmoqWJ00_39/audio.wav,clips/horse/9TkYmoqWJ00_39/full_10s.wav
9TkYmoqWJ00,49.0,horse,vggsound,0.8671930432319641,5.5,0.2954997718334198,3,0.0,clips/horse/9TkYmoqWJ00_49/audio.wav,clips/horse/9TkYmoqWJ00_49/full_10s.wav
9U4mJbE-_M4,40.0,horse,audioset,0.8892706036567688,4.5,0.28810885548591614,6,0.0,clips/horse/9U4mJbE-_M4_40/audio.wav,clips/horse/9U4mJbE-_M4_40/full_10s.wav
9UBZuH70yCo,30.0,horse,audioset,0.9548155069351196,5.0,0.2701221704483032,9,0.0,clips/horse/9UBZuH70yCo_30/audio.wav,clips/horse/9UBZuH70yCo_30/full_10s.wav
9UmPXtXjIFQ,30.0,horse,audioset+vggsound,0.7964075207710266,5.5,0.2814508080482483,1,0.0,clips/horse/9UmPXtXjIFQ_30/audio.wav,clips/horse/9UmPXtXjIFQ_30/full_10s.wav
9UvScII4_xc,30.0,horse,audioset,0.7400163412094116,2.5,0.2537112236022949,5,0.0,clips/horse/9UvScII4_xc_30/audio.wav,clips/horse/9UvScII4_xc_30/full_10s.wav
9VWujA5oDGk,30.0,horse,audioset,0.8574733138084412,3.0,0.28839102387428284,4,0.0,clips/horse/9VWujA5oDGk_30/audio.wav,clips/horse/9VWujA5oDGk_30/full_10s.wav
9Vmx1z5Lve8,30.0,horse,audioset,0.7821403741836548,0.0,0.26686161756515503,8,0.0,clips/horse/9Vmx1z5Lve8_30/audio.wav,clips/horse/9Vmx1z5Lve8_30/full_10s.wav
9XsrjJWYoiU,30.0,horse,audioset+vggsound,0.9837079644203186,3.5,0.29344677925109863,9,0.0,clips/horse/9XsrjJWYoiU_30/audio.wav,clips/horse/9XsrjJWYoiU_30/full_10s.wav
9XwiLiG_-i8,0.0,horse,audioset+vggsound,0.7477193474769592,1.5,0.27035877108573914,7,0.0,clips/horse/9XwiLiG_-i8_0/audio.wav,clips/horse/9XwiLiG_-i8_0/full_10s.wav
9Xy1DjyCSpc,382.0,horse,vggsound,0.862322986125946,4.5,0.307402640581131,9,0.0,clips/horse/9Xy1DjyCSpc_382/audio.wav,clips/horse/9Xy1DjyCSpc_382/full_10s.wav
9YSCqGL1sy0,30.0,horse,audioset,0.9842979311943054,6.0,0.26778078079223633,6,0.0,clips/horse/9YSCqGL1sy0_30/audio.wav,clips/horse/9YSCqGL1sy0_30/full_10s.wav
9aZEW-ms_iw,30.0,horse,audioset+vggsound,0.7507732510566711,0.0,0.26378145813941956,1,0.0,clips/horse/9aZEW-ms_iw_30/audio.wav,clips/horse/9aZEW-ms_iw_30/full_10s.wav
9dAWvDjHMi4,14.0,horse,audioset+vggsound,0.5826417803764343,6.0,0.28140631318092346,7,0.0,clips/horse/9dAWvDjHMi4_14/audio.wav,clips/horse/9dAWvDjHMi4_14/full_10s.wav
9drMkedqALI,30.0,horse,audioset+vggsound,0.7334588170051575,4.5,0.2711930572986603,2,0.0,clips/horse/9drMkedqALI_30/audio.wav,clips/horse/9drMkedqALI_30/full_10s.wav
9g9bwkEGnkw,14.0,horse,audioset,0.7279083728790283,0.0,0.2788132429122925,6,0.0,clips/horse/9g9bwkEGnkw_14/audio.wav,clips/horse/9g9bwkEGnkw_14/full_10s.wav
9iLx_iFo75c,30.0,horse,audioset,0.5185549259185791,0.5,0.26287561655044556,9,0.0,clips/horse/9iLx_iFo75c_30/audio.wav,clips/horse/9iLx_iFo75c_30/full_10s.wav
9itWfnileao,2.0,horse,audioset+vggsound,0.7180325984954834,0.5,0.263764351606369,2,0.0,clips/horse/9itWfnileao_2/audio.wav,clips/horse/9itWfnileao_2/full_10s.wav
9jQ_w-lPlrA,0.0,horse,audioset,0.4528525471687317,0.0,0.2907707691192627,8,0.0,clips/horse/9jQ_w-lPlrA_0/audio.wav,clips/horse/9jQ_w-lPlrA_0/full_10s.wav
9kUibFR0m_A,110.0,horse,audioset,0.44658052921295166,0.0,0.2799847722053528,2,0.0,clips/horse/9kUibFR0m_A_110/audio.wav,clips/horse/9kUibFR0m_A_110/full_10s.wav
9klKFyxj3ZU,30.0,horse,audioset,0.5070919990539551,5.0,0.25283917784690857,2,0.0,clips/horse/9klKFyxj3ZU_30/audio.wav,clips/horse/9klKFyxj3ZU_30/full_10s.wav
9mQf-pT4coI,30.0,horse,audioset+vggsound,0.8971987366676331,0.0,0.2759626805782318,1,0.0,clips/horse/9mQf-pT4coI_30/audio.wav,clips/horse/9mQf-pT4coI_30/full_10s.wav
9maJcBxo-K4,30.0,horse,audioset+vggsound,0.6616784334182739,6.5,0.28108838200569153,0,0.0,clips/horse/9maJcBxo-K4_30/audio.wav,clips/horse/9maJcBxo-K4_30/full_10s.wav
9n1ejjrLf_I,30.0,horse,audioset,0.9892395734786987,6.5,0.23049695789813995,9,0.0,clips/horse/9n1ejjrLf_I_30/audio.wav,clips/horse/9n1ejjrLf_I_30/full_10s.wav
9ngL5DiqLsA,15.0,horse,audioset+vggsound,0.9586854577064514,5.0,0.29275113344192505,5,0.0,clips/horse/9ngL5DiqLsA_15/audio.wav,clips/horse/9ngL5DiqLsA_15/full_10s.wav
9o13jIBkC6k,30.0,horse,audioset,0.7175694704055786,0.0,0.23785768449306488,6,0.0,clips/horse/9o13jIBkC6k_30/audio.wav,clips/horse/9o13jIBkC6k_30/full_10s.wav
9oNYB1AeW5E,30.0,horse,audioset,0.39917653799057007,6.0,0.2602853775024414,5,0.0,clips/horse/9oNYB1AeW5E_30/audio.wav,clips/horse/9oNYB1AeW5E_30/full_10s.wav
9oSRYxH1fbs,30.0,horse,audioset,0.986751914024353,0.5,0.2600286304950714,2,0.0,clips/horse/9oSRYxH1fbs_30/audio.wav,clips/horse/9oSRYxH1fbs_30/full_10s.wav
9oh1UH8Al50,46.0,horse,vggsound,0.9044600129127502,0.0,0.3098409175872803,1,0.0,clips/horse/9oh1UH8Al50_46/audio.wav,clips/horse/9oh1UH8Al50_46/full_10s.wav
9owNc_JMp0A,20.0,horse,audioset+vggsound,0.9647514224052429,0.0,0.26650965213775635,7,0.0,clips/horse/9owNc_JMp0A_20/audio.wav,clips/horse/9owNc_JMp0A_20/full_10s.wav
9p3CXqe8I7M,2.0,horse,audioset,0.42729732394218445,2.5,0.2747599184513092,2,0.0,clips/horse/9p3CXqe8I7M_2/audio.wav,clips/horse/9p3CXqe8I7M_2/full_10s.wav
9pMubUShDmE,30.0,horse,audioset+vggsound,0.9918569326400757,6.5,0.2799184322357178,2,0.0,clips/horse/9pMubUShDmE_30/audio.wav,clips/horse/9pMubUShDmE_30/full_10s.wav
9pbkylxHC4s,150.0,horse,audioset,0.9628780484199524,0.5,0.25185272097587585,6,0.0,clips/horse/9pbkylxHC4s_150/audio.wav,clips/horse/9pbkylxHC4s_150/full_10s.wav
9q5TSV43Qtk,30.0,horse,audioset+vggsound,0.8466612696647644,6.5,0.257132887840271,5,0.0,clips/horse/9q5TSV43Qtk_30/audio.wav,clips/horse/9q5TSV43Qtk_30/full_10s.wav
9snDUiYUNMM,30.0,horse,audioset+vggsound,0.6740859746932983,3.0,0.2801966071128845,1,0.0,clips/horse/9snDUiYUNMM_30/audio.wav,clips/horse/9snDUiYUNMM_30/full_10s.wav
9uMdFqa86XM,30.0,horse,audioset,0.9658114910125732,6.5,0.2708303928375244,8,0.0,clips/horse/9uMdFqa86XM_30/audio.wav,clips/horse/9uMdFqa86XM_30/full_10s.wav
9wzguZHpd5s,30.0,horse,audioset+vggsound,0.6852295398712158,0.0,0.2817656099796295,8,0.0,clips/horse/9wzguZHpd5s_30/audio.wav,clips/horse/9wzguZHpd5s_30/full_10s.wav
9xT7eAF3uzM,0.0,horse,audioset,0.7635726928710938,6.5,0.2465437650680542,9,0.0,clips/horse/9xT7eAF3uzM_0/audio.wav,clips/horse/9xT7eAF3uzM_0/full_10s.wav
9y4QjWmGF2o,20.0,horse,audioset,0.8801659941673279,2.5,0.28748446702957153,9,0.0,clips/horse/9y4QjWmGF2o_20/audio.wav,clips/horse/9y4QjWmGF2o_20/full_10s.wav
9zdXipYvoLU,0.0,horse,audioset,0.47332391142845154,3.5,0.30316078662872314,5,0.0,clips/horse/9zdXipYvoLU_0/audio.wav,clips/horse/9zdXipYvoLU_0/full_10s.wav
9zqbda4kw74,30.0,horse,audioset+vggsound,0.8102687001228333,3.0,0.28285419940948486,0,0.0,clips/horse/9zqbda4kw74_30/audio.wav,clips/horse/9zqbda4kw74_30/full_10s.wav
A-pKyhTMv_E,30.0,horse,audioset,0.6165390610694885,2.0,0.282420814037323,7,0.0,clips/horse/A-pKyhTMv_E_30/audio.wav,clips/horse/A-pKyhTMv_E_30/full_10s.wav
A0TYzWi6q6E,80.0,horse,audioset,0.780714750289917,0.0,0.2531813085079193,9,0.0,clips/horse/A0TYzWi6q6E_80/audio.wav,clips/horse/A0TYzWi6q6E_80/full_10s.wav
A1Kn_TktWPI,30.0,horse,audioset,0.9522229433059692,2.5,0.2825348377227783,4,0.0,clips/horse/A1Kn_TktWPI_30/audio.wav,clips/horse/A1Kn_TktWPI_30/full_10s.wav
A1zxXF4JEmU,7.0,horse,vggsound,0.29214227199554443,0.0,0.27778688073158264,1,0.0,clips/horse/A1zxXF4JEmU_7/audio.wav,clips/horse/A1zxXF4JEmU_7/full_10s.wav
A3ABnYGXl5Q,30.0,horse,audioset,0.36652570962905884,0.5,0.27350184321403503,9,0.0,clips/horse/A3ABnYGXl5Q_30/audio.wav,clips/horse/A3ABnYGXl5Q_30/full_10s.wav
A3arfCXlRcI,30.0,horse,audioset,0.6305901408195496,3.0,0.28636884689331055,5,0.0,clips/horse/A3arfCXlRcI_30/audio.wav,clips/horse/A3arfCXlRcI_30/full_10s.wav
A5IDL1YE6yk,16.0,horse,audioset+vggsound,0.9028317332267761,1.0,0.27517974376678467,9,0.0,clips/horse/A5IDL1YE6yk_16/audio.wav,clips/horse/A5IDL1YE6yk_16/full_10s.wav
A6BojA7PlHQ,1.0,horse,audioset,0.44928333163261414,3.0,0.2591319680213928,9,0.0,clips/horse/A6BojA7PlHQ_1/audio.wav,clips/horse/A6BojA7PlHQ_1/full_10s.wav
A6vohndkYyY,21.0,horse,audioset,0.3100548982620239,6.0,0.27432477474212646,3,0.0,clips/horse/A6vohndkYyY_21/audio.wav,clips/horse/A6vohndkYyY_21/full_10s.wav
A79FuwUcsAY,30.0,horse,audioset,0.44384661316871643,1.5,0.24490243196487427,6,0.0,clips/horse/A79FuwUcsAY_30/audio.wav,clips/horse/A79FuwUcsAY_30/full_10s.wav
A7lO8XK4ZZk,320.0,horse,audioset,0.5560385584831238,0.0,0.2931655943393707,9,0.0,clips/horse/A7lO8XK4ZZk_320/audio.wav,clips/horse/A7lO8XK4ZZk_320/full_10s.wav
A8LNJ3VYsvg,30.0,horse,audioset,0.6939836144447327,5.0,0.2677883207798004,6,0.0,clips/horse/A8LNJ3VYsvg_30/audio.wav,clips/horse/A8LNJ3VYsvg_30/full_10s.wav
AATdlGzJZNw,30.0,horse,audioset,0.9357128739356995,0.0,0.24230703711509705,6,0.0,clips/horse/AATdlGzJZNw_30/audio.wav,clips/horse/AATdlGzJZNw_30/full_10s.wav
ABUVi7RU_Vs,1.0,horse,audioset,0.6985072493553162,4.0,0.28007885813713074,7,0.0,clips/horse/ABUVi7RU_Vs_1/audio.wav,clips/horse/ABUVi7RU_Vs_1/full_10s.wav
ACBHJ-U8m8w,7.0,horse,audioset+vggsound,0.7629596590995789,0.5,0.2862239480018616,2,0.0,clips/horse/ACBHJ-U8m8w_7/audio.wav,clips/horse/ACBHJ-U8m8w_7/full_10s.wav
ACWogygCumU,20.0,horse,audioset,0.9220128059387207,2.5,0.2577904760837555,1,0.0,clips/horse/ACWogygCumU_20/audio.wav,clips/horse/ACWogygCumU_20/full_10s.wav
ACyuTRHLkHU,11.0,horse,audioset,0.8715978264808655,1.5,0.2843036651611328,0,0.0,clips/horse/ACyuTRHLkHU_11/audio.wav,clips/horse/ACyuTRHLkHU_11/full_10s.wav
ADHIoysTgbM,30.0,horse,audioset,0.7443141937255859,6.5,0.29093825817108154,0,0.0,clips/horse/ADHIoysTgbM_30/audio.wav,clips/horse/ADHIoysTgbM_30/full_10s.wav
AER-_di_DrM,21.0,horse,audioset+vggsound,0.9268330931663513,0.0,0.284013032913208,6,0.0,clips/horse/AER-_di_DrM_21/audio.wav,clips/horse/AER-_di_DrM_21/full_10s.wav
AEuf6THpbfc,2.0,horse,audioset,0.7885821461677551,0.0,0.28202641010284424,9,0.0,clips/horse/AEuf6THpbfc_2/audio.wav,clips/horse/AEuf6THpbfc_2/full_10s.wav
AFApaigzmNo,0.0,horse,audioset,0.7252861261367798,0.5,0.2787421941757202,5,0.0,clips/horse/AFApaigzmNo_0/audio.wav,clips/horse/AFApaigzmNo_0/full_10s.wav
AFnPp9mvoJs,30.0,horse,audioset,0.5773614645004272,1.5,0.2873537242412567,8,0.0,clips/horse/AFnPp9mvoJs_30/audio.wav,clips/horse/AFnPp9mvoJs_30/full_10s.wav
AFs8XQy8OBE,18.0,horse,audioset,0.8613773584365845,1.0,0.2659292221069336,1,0.0,clips/horse/AFs8XQy8OBE_18/audio.wav,clips/horse/AFs8XQy8OBE_18/full_10s.wav
AGIqbtpTMaU,5.0,horse,audioset+vggsound,0.9108031392097473,5.0,0.29096734523773193,5,0.0,clips/horse/AGIqbtpTMaU_5/audio.wav,clips/horse/AGIqbtpTMaU_5/full_10s.wav
AKaMAvvTXas,11.0,horse,audioset,0.7552952766418457,4.5,0.28539562225341797,8,0.0,clips/horse/AKaMAvvTXas_11/audio.wav,clips/horse/AKaMAvvTXas_11/full_10s.wav
ALNk7_3zj68,30.0,horse,audioset,0.86424720287323,0.0,0.2950514554977417,9,0.0,clips/horse/ALNk7_3zj68_30/audio.wav,clips/horse/ALNk7_3zj68_30/full_10s.wav
AP-_Z_iS_Ow,7.0,horse,audioset,0.8155354857444763,0.0,0.28573077917099,8,0.0,clips/horse/AP-_Z_iS_Ow_7/audio.wav,clips/horse/AP-_Z_iS_Ow_7/full_10s.wav
AP16YxfF8Jo,0.0,horse,audioset,0.35489368438720703,0.0,0.2826424539089203,3,0.0,clips/horse/AP16YxfF8Jo_0/audio.wav,clips/horse/AP16YxfF8Jo_0/full_10s.wav
AP7iBlvPWSk,40.0,horse,audioset,0.3287178874015808,0.0,0.2726362943649292,2,0.0,clips/horse/AP7iBlvPWSk_40/audio.wav,clips/horse/AP7iBlvPWSk_40/full_10s.wav
APa4RECI4k4,22.0,horse,audioset,0.4185381233692169,6.0,0.2688555121421814,8,0.0,clips/horse/APa4RECI4k4_22/audio.wav,clips/horse/APa4RECI4k4_22/full_10s.wav
AQktwQVAb5g,17.0,horse,audioset,0.2783849537372589,5.5,0.2803964614868164,0,0.0,clips/horse/AQktwQVAb5g_17/audio.wav,clips/horse/AQktwQVAb5g_17/full_10s.wav
AQzZw_PT3X0,30.0,horse,audioset,0.7382310032844543,6.5,0.2790386378765106,8,0.0,clips/horse/AQzZw_PT3X0_30/audio.wav,clips/horse/AQzZw_PT3X0_30/full_10s.wav
ASZTmlqS4GU,196.0,horse,vggsound,0.938255250453949,2.0,0.2761605978012085,2,0.0,clips/horse/ASZTmlqS4GU_196/audio.wav,clips/horse/ASZTmlqS4GU_196/full_10s.wav
ASZTmlqS4GU,241.0,horse,vggsound,0.9171832799911499,0.0,0.279204785823822,5,0.0,clips/horse/ASZTmlqS4GU_241/audio.wav,clips/horse/ASZTmlqS4GU_241/full_10s.wav
ASxbeAzjOQg,6.0,horse,audioset,0.7304133176803589,4.0,0.2559025287628174,9,0.0,clips/horse/ASxbeAzjOQg_6/audio.wav,clips/horse/ASxbeAzjOQg_6/full_10s.wav
ATzdqH0qwKc,40.0,horse,audioset,0.8537530899047852,6.5,0.23226825892925262,6,0.0,clips/horse/ATzdqH0qwKc_40/audio.wav,clips/horse/ATzdqH0qwKc_40/full_10s.wav
AUP-DC6srDc,110.0,horse,audioset,0.3065806031227112,4.0,0.2827291488647461,1,0.0,clips/horse/AUP-DC6srDc_110/audio.wav,clips/horse/AUP-DC6srDc_110/full_10s.wav
AUekF-AnaBE,3.0,horse,audioset,0.6453876495361328,0.5,0.2789848744869232,2,0.0,clips/horse/AUekF-AnaBE_3/audio.wav,clips/horse/AUekF-AnaBE_3/full_10s.wav
AZ098FTXg0c,30.0,horse,audioset+vggsound,0.6754820346832275,6.0,0.26999375224113464,6,0.0,clips/horse/AZ098FTXg0c_30/audio.wav,clips/horse/AZ098FTXg0c_30/full_10s.wav
AZkOwyoWP7A,2.0,horse,audioset,0.9274837374687195,2.5,0.29051846265792847,4,0.0,clips/horse/AZkOwyoWP7A_2/audio.wav,clips/horse/AZkOwyoWP7A_2/full_10s.wav
A_gpQV04pm0,22.0,horse,audioset,0.28696343302726746,5.0,0.2780974805355072,8,0.0,clips/horse/A_gpQV04pm0_22/audio.wav,clips/horse/A_gpQV04pm0_22/full_10s.wav
AabCvAZjcNQ,30.0,horse,audioset,0.945167601108551,0.0,0.26963990926742554,7,0.0,clips/horse/AabCvAZjcNQ_30/audio.wav,clips/horse/AabCvAZjcNQ_30/full_10s.wav
AcHGxEFKK5U,30.0,horse,audioset,0.92485111951828,2.5,0.2992204427719116,7,0.0,clips/horse/AcHGxEFKK5U_30/audio.wav,clips/horse/AcHGxEFKK5U_30/full_10s.wav
AdWuiaTkgSk,30.0,horse,audioset+vggsound,0.9689884781837463,6.5,0.27039098739624023,9,0.0,clips/horse/AdWuiaTkgSk_30/audio.wav,clips/horse/AdWuiaTkgSk_30/full_10s.wav
AeZdkcl-FTA,40.0,horse,audioset,0.8915010690689087,4.0,0.2745842933654785,4,0.0,clips/horse/AeZdkcl-FTA_40/audio.wav,clips/horse/AeZdkcl-FTA_40/full_10s.wav
Aecdb1EpVdo,30.0,horse,audioset+vggsound,0.971051812171936,1.5,0.25474727153778076,7,0.0,clips/horse/Aecdb1EpVdo_30/audio.wav,clips/horse/Aecdb1EpVdo_30/full_10s.wav
AfASP3O-U8Y,30.0,horse,audioset,0.7586692571640015,1.5,0.27824637293815613,6,0.0,clips/horse/AfASP3O-U8Y_30/audio.wav,clips/horse/AfASP3O-U8Y_30/full_10s.wav
AgHiERJu38A,30.0,horse,audioset+vggsound,0.9460598826408386,5.5,0.28079715371131897,0,0.0,clips/horse/AgHiERJu38A_30/audio.wav,clips/horse/AgHiERJu38A_30/full_10s.wav
AhPT9djPY1I,30.0,horse,audioset,0.7380312085151672,2.0,0.29610079526901245,9,0.0,clips/horse/AhPT9djPY1I_30/audio.wav,clips/horse/AhPT9djPY1I_30/full_10s.wav
AhpEOE0tmsI,30.0,horse,audioset+vggsound,0.9747265577316284,3.0,0.3040236234664917,0,0.0,clips/horse/AhpEOE0tmsI_30/audio.wav,clips/horse/AhpEOE0tmsI_30/full_10s.wav
AiMf0j14V8w,13.0,horse,audioset+vggsound,0.9834294319152832,5.0,0.27878138422966003,7,0.0,clips/horse/AiMf0j14V8w_13/audio.wav,clips/horse/AiMf0j14V8w_13/full_10s.wav
AiZVjCp4BcM,260.0,horse,audioset,0.8029636740684509,1.0,0.2343742847442627,9,0.0,clips/horse/AiZVjCp4BcM_260/audio.wav,clips/horse/AiZVjCp4BcM_260/full_10s.wav
Ak4Ld5mMqVI,23.0,horse,audioset,0.6914753317832947,1.0,0.2757420539855957,5,0.0,clips/horse/Ak4Ld5mMqVI_23/audio.wav,clips/horse/Ak4Ld5mMqVI_23/full_10s.wav
AkeQfVaxV8k,20.0,horse,audioset,0.3064180016517639,1.0,0.2722514569759369,3,0.0,clips/horse/AkeQfVaxV8k_20/audio.wav,clips/horse/AkeQfVaxV8k_20/full_10s.wav
AloK8js0K3o,30.0,horse,audioset,0.4883616864681244,6.0,0.22782208025455475,2,0.0,clips/horse/AloK8js0K3o_30/audio.wav,clips/horse/AloK8js0K3o_30/full_10s.wav
AlsWo2mEv80,9.0,horse,audioset+vggsound,0.968070387840271,1.0,0.27668312191963196,2,0.0,clips/horse/AlsWo2mEv80_9/audio.wav,clips/horse/AlsWo2mEv80_9/full_10s.wav
Ao_LaYivCMA,30.0,horse,audioset,0.8314172029495239,1.0,0.2809127867221832,2,0.0,clips/horse/Ao_LaYivCMA_30/audio.wav,clips/horse/Ao_LaYivCMA_30/full_10s.wav
ApfVkZ5_dmM,18.0,horse,audioset+vggsound,0.828139066696167,3.0,0.2859995663166046,8,0.0,clips/horse/ApfVkZ5_dmM_18/audio.wav,clips/horse/ApfVkZ5_dmM_18/full_10s.wav
AqjQJASmJ2U,30.0,horse,audioset,0.6552301645278931,0.0,0.2816293239593506,9,0.0,clips/horse/AqjQJASmJ2U_30/audio.wav,clips/horse/AqjQJASmJ2U_30/full_10s.wav
Aqr6a3faF2A,30.0,horse,audioset,0.8635421395301819,6.5,0.2679920196533203,8,0.0,clips/horse/Aqr6a3faF2A_30/audio.wav,clips/horse/Aqr6a3faF2A_30/full_10s.wav
ArpqRWhjcR4,30.0,horse,audioset+vggsound,0.7600987553596497,3.0,0.2963542640209198,1,0.0,clips/horse/ArpqRWhjcR4_30/audio.wav,clips/horse/ArpqRWhjcR4_30/full_10s.wav
AtsPvbvxBP0,30.0,horse,audioset,0.7516974806785583,6.5,0.2858434021472931,4,0.0,clips/horse/AtsPvbvxBP0_30/audio.wav,clips/horse/AtsPvbvxBP0_30/full_10s.wav
AuXSRSqRJLg,40.0,horse,audioset,0.9558801054954529,6.5,0.28573545813560486,7,0.0,clips/horse/AuXSRSqRJLg_40/audio.wav,clips/horse/AuXSRSqRJLg_40/full_10s.wav
AwC4Nry7jcg,540.0,horse,audioset,0.8767080903053284,6.5,0.3007153272628784,7,0.0,clips/horse/AwC4Nry7jcg_540/audio.wav,clips/horse/AwC4Nry7jcg_540/full_10s.wav
AxHEJYomCOc,1.0,horse,audioset+vggsound,0.2694137692451477,4.0,0.2908663749694824,2,0.0,clips/horse/AxHEJYomCOc_1/audio.wav,clips/horse/AxHEJYomCOc_1/full_10s.wav
Ax_hfcLQi2A,30.0,horse,audioset,0.6866517663002014,5.5,0.24775539338588715,6,0.0,clips/horse/Ax_hfcLQi2A_30/audio.wav,clips/horse/Ax_hfcLQi2A_30/full_10s.wav
Axd__X2rixk,30.0,horse,audioset,0.9380735158920288,6.5,0.2811318337917328,6,0.0,clips/horse/Axd__X2rixk_30/audio.wav,clips/horse/Axd__X2rixk_30/full_10s.wav
B1leJS6lyUI,30.0,horse,audioset,0.6543116569519043,0.5,0.28715968132019043,6,0.0,clips/horse/B1leJS6lyUI_30/audio.wav,clips/horse/B1leJS6lyUI_30/full_10s.wav
B2BIdW6k4PY,7.0,horse,audioset+vggsound,0.8131398558616638,2.0,0.27094364166259766,5,0.0,clips/horse/B2BIdW6k4PY_7/audio.wav,clips/horse/B2BIdW6k4PY_7/full_10s.wav
B3FsWG7NYL8,30.0,horse,audioset,0.6910500526428223,4.0,0.276859313249588,9,0.0,clips/horse/B3FsWG7NYL8_30/audio.wav,clips/horse/B3FsWG7NYL8_30/full_10s.wav
B3_9OlZSldc,30.0,horse,audioset+vggsound,0.9431615471839905,6.5,0.27387985587120056,0,0.0,clips/horse/B3_9OlZSldc_30/audio.wav,clips/horse/B3_9OlZSldc_30/full_10s.wav
B3gGnv38sxg,30.0,horse,audioset,0.7708186507225037,4.5,0.27605465054512024,7,0.0,clips/horse/B3gGnv38sxg_30/audio.wav,clips/horse/B3gGnv38sxg_30/full_10s.wav
B42vdiLXBRU,22.0,horse,audioset,0.34479764103889465,4.0,0.27318310737609863,3,0.0,clips/horse/B42vdiLXBRU_22/audio.wav,clips/horse/B42vdiLXBRU_22/full_10s.wav
B6dja6HWoKs,30.0,horse,audioset,0.3420335352420807,6.0,0.274761825799942,9,0.0,clips/horse/B6dja6HWoKs_30/audio.wav,clips/horse/B6dja6HWoKs_30/full_10s.wav
B6ucX_gXZpA,30.0,horse,audioset,0.3756403625011444,6.5,0.2804024815559387,4,0.0,clips/horse/B6ucX_gXZpA_30/audio.wav,clips/horse/B6ucX_gXZpA_30/full_10s.wav
B7XXVmKGNEA,3.0,horse,audioset,0.9494081735610962,3.0,0.2748008966445923,5,0.0,clips/horse/B7XXVmKGNEA_3/audio.wav,clips/horse/B7XXVmKGNEA_3/full_10s.wav
B9hbNSwkIM8,30.0,horse,audioset+vggsound,0.8666349053382874,5.5,0.29378485679626465,4,0.0,clips/horse/B9hbNSwkIM8_30/audio.wav,clips/horse/B9hbNSwkIM8_30/full_10s.wav
BA1roZkCVgs,30.0,horse,audioset,0.3672771751880646,5.5,0.2693057954311371,4,0.0,clips/horse/BA1roZkCVgs_30/audio.wav,clips/horse/BA1roZkCVgs_30/full_10s.wav
BA7c-XeKprg,12.0,horse,vggsound,0.9082115888595581,3.0,0.22406969964504242,1,0.0,clips/horse/BA7c-XeKprg_12/audio.wav,clips/horse/BA7c-XeKprg_12/full_10s.wav
BA9bF9Y2-OE,30.0,horse,audioset,0.3947300910949707,5.0,0.2857174575328827,9,0.0,clips/horse/BA9bF9Y2-OE_30/audio.wav,clips/horse/BA9bF9Y2-OE_30/full_10s.wav
BAICBsZIcN4,5.0,horse,audioset,0.8053600192070007,1.5,0.2899772822856903,8,0.0,clips/horse/BAICBsZIcN4_5/audio.wav,clips/horse/BAICBsZIcN4_5/full_10s.wav
BBnK3BrYLnE,7.0,horse,audioset+vggsound,0.9451969861984253,1.5,0.29945987462997437,1,0.0,clips/horse/BBnK3BrYLnE_7/audio.wav,clips/horse/BBnK3BrYLnE_7/full_10s.wav
BGA402wm33c,30.0,horse,audioset,0.9274376630783081,6.0,0.29351386427879333,9,0.0,clips/horse/BGA402wm33c_30/audio.wav,clips/horse/BGA402wm33c_30/full_10s.wav
BHZcfW4o0HE,0.0,horse,audioset+vggsound,0.6689966917037964,4.5,0.28273826837539673,1,0.0,clips/horse/BHZcfW4o0HE_0/audio.wav,clips/horse/BHZcfW4o0HE_0/full_10s.wav
BISDO9fV1Z0,30.0,horse,audioset,0.7272095680236816,0.0,0.2391504943370819,9,0.0,clips/horse/BISDO9fV1Z0_30/audio.wav,clips/horse/BISDO9fV1Z0_30/full_10s.wav
BIXsg-zKLH0,30.0,horse,audioset,0.9033523797988892,1.5,0.2882595658302307,3,0.0,clips/horse/BIXsg-zKLH0_30/audio.wav,clips/horse/BIXsg-zKLH0_30/full_10s.wav
BLxnQtTxsew,0.0,horse,audioset,0.6019353866577148,4.0,0.30001309514045715,6,0.0,clips/horse/BLxnQtTxsew_0/audio.wav,clips/horse/BLxnQtTxsew_0/full_10s.wav
BMU1HWDzfZo,30.0,horse,audioset+vggsound,0.5958817601203918,4.0,0.26679661870002747,7,0.0,clips/horse/BMU1HWDzfZo_30/audio.wav,clips/horse/BMU1HWDzfZo_30/full_10s.wav
BNKJP6x-9kw,30.0,horse,audioset+vggsound,0.9527994990348816,1.0,0.28149938583374023,9,0.0,clips/horse/BNKJP6x-9kw_30/audio.wav,clips/horse/BNKJP6x-9kw_30/full_10s.wav
BQ-r9mEHssU,17.0,horse,audioset,0.6147541403770447,1.0,0.29506203532218933,6,0.0,clips/horse/BQ-r9mEHssU_17/audio.wav,clips/horse/BQ-r9mEHssU_17/full_10s.wav
BQk__rcH4Ek,30.0,horse,audioset,0.8398369550704956,6.5,0.2652478516101837,6,0.0,clips/horse/BQk__rcH4Ek_30/audio.wav,clips/horse/BQk__rcH4Ek_30/full_10s.wav
BQr6na4zPjw,30.0,horse,audioset+vggsound,0.8099725842475891,0.0,0.2907267212867737,0,0.0,clips/horse/BQr6na4zPjw_30/audio.wav,clips/horse/BQr6na4zPjw_30/full_10s.wav
BRdo2DldRqk,30.0,horse,audioset,0.5485242009162903,0.5,0.29520052671432495,8,0.0,clips/horse/BRdo2DldRqk_30/audio.wav,clips/horse/BRdo2DldRqk_30/full_10s.wav
BT66M2qTIGc,30.0,horse,audioset+vggsound,0.9741097092628479,0.5,0.2838895618915558,8,0.0,clips/horse/BT66M2qTIGc_30/audio.wav,clips/horse/BT66M2qTIGc_30/full_10s.wav
BUfY8Wq0iNg,21.0,horse,audioset+vggsound,0.9788288474082947,1.5,0.28653478622436523,0,0.0,clips/horse/BUfY8Wq0iNg_21/audio.wav,clips/horse/BUfY8Wq0iNg_21/full_10s.wav
BVgan4QdFGo,30.0,horse,audioset,0.8018746376037598,0.0,0.2855638861656189,1,0.0,clips/horse/BVgan4QdFGo_30/audio.wav,clips/horse/BVgan4QdFGo_30/full_10s.wav
BW1cuiqvltA,0.0,horse,audioset+vggsound,0.7801647782325745,1.0,0.2670309841632843,4,0.0,clips/horse/BW1cuiqvltA_0/audio.wav,clips/horse/BW1cuiqvltA_0/full_10s.wav
BWOfEXTgADs,27.0,horse,audioset,0.33631691336631775,4.5,0.27932438254356384,3,0.0,clips/horse/BWOfEXTgADs_27/audio.wav,clips/horse/BWOfEXTgADs_27/full_10s.wav
BWvYrKXfmeo,50.0,horse,audioset,0.9942860007286072,4.5,0.2760273516178131,0,0.0,clips/horse/BWvYrKXfmeo_50/audio.wav,clips/horse/BWvYrKXfmeo_50/full_10s.wav
BXvb0ob86II,30.0,horse,audioset,0.8184291124343872,1.5,0.2875654697418213,4,0.0,clips/horse/BXvb0ob86II_30/audio.wav,clips/horse/BXvb0ob86II_30/full_10s.wav
BYCS5mUdVUg,80.0,horse,audioset,0.9152515530586243,5.5,0.26677238941192627,5,0.0,clips/horse/BYCS5mUdVUg_80/audio.wav,clips/horse/BYCS5mUdVUg_80/full_10s.wav
BZ2ORE4ShWI,30.0,horse,audioset,0.9523059725761414,0.0,0.2453843653202057,3,0.0,clips/horse/BZ2ORE4ShWI_30/audio.wav,clips/horse/BZ2ORE4ShWI_30/full_10s.wav
BZXlSvoveLM,30.0,horse,audioset,0.8991121053695679,0.0,0.23396816849708557,6,0.0,clips/horse/BZXlSvoveLM_30/audio.wav,clips/horse/BZXlSvoveLM_30/full_10s.wav
BZjWo9iqFt4,30.0,horse,audioset,0.6124914288520813,4.0,0.3008270859718323,5,0.0,clips/horse/BZjWo9iqFt4_30/audio.wav,clips/horse/BZjWo9iqFt4_30/full_10s.wav
BZwmBaJTQ9A,30.0,horse,audioset,0.643477737903595,6.5,0.23130673170089722,1,0.0,clips/horse/BZwmBaJTQ9A_30/audio.wav,clips/horse/BZwmBaJTQ9A_30/full_10s.wav
B_RjKMLOQwQ,30.0,horse,audioset+vggsound,0.5011827349662781,1.0,0.27420899271965027,3,0.0,clips/horse/B_RjKMLOQwQ_30/audio.wav,clips/horse/B_RjKMLOQwQ_30/full_10s.wav
B_WSiG_ZEeg,40.0,horse,audioset+vggsound,0.8905882835388184,5.0,0.26308298110961914,2,0.0,clips/horse/B_WSiG_ZEeg_40/audio.wav,clips/horse/B_WSiG_ZEeg_40/full_10s.wav
B_fmaC-xOX0,30.0,horse,audioset+vggsound,0.3913576006889343,0.0,0.2806745767593384,7,0.0,clips/horse/B_fmaC-xOX0_30/audio.wav,clips/horse/B_fmaC-xOX0_30/full_10s.wav
BaOCadhYx7g,20.0,horse,audioset,0.5223619937896729,2.5,0.27680709958076477,6,0.0,clips/horse/BaOCadhYx7g_20/audio.wav,clips/horse/BaOCadhYx7g_20/full_10s.wav
BaP6qRkjVKM,30.0,horse,audioset+vggsound,0.9792857766151428,1.0,0.2684427797794342,8,0.0,clips/horse/BaP6qRkjVKM_30/audio.wav,clips/horse/BaP6qRkjVKM_30/full_10s.wav
Batuxqz85WA,30.0,horse,audioset+vggsound,0.4109290540218353,6.5,0.2641139030456543,9,0.0,clips/horse/Batuxqz85WA_30/audio.wav,clips/horse/Batuxqz85WA_30/full_10s.wav
Bb9ioDKAXJw,30.0,horse,audioset,0.8024472594261169,5.5,0.2784743309020996,0,0.0,clips/horse/Bb9ioDKAXJw_30/audio.wav,clips/horse/Bb9ioDKAXJw_30/full_10s.wav
BbYtoR9Lwzo,50.0,horse,audioset,0.7002770900726318,5.5,0.30887454748153687,4,0.0,clips/horse/BbYtoR9Lwzo_50/audio.wav,clips/horse/BbYtoR9Lwzo_50/full_10s.wav
Bcn-3fGhsTc,30.0,horse,audioset+vggsound,0.7919231057167053,0.0,0.26612213253974915,9,0.0,clips/horse/Bcn-3fGhsTc_30/audio.wav,clips/horse/Bcn-3fGhsTc_30/full_10s.wav
BdG6fInWVBw,30.0,horse,audioset+vggsound,0.9706230759620667,5.0,0.28316351771354675,6,0.0,clips/horse/BdG6fInWVBw_30/audio.wav,clips/horse/BdG6fInWVBw_30/full_10s.wav
BdsgfqR5Lgc,30.0,horse,audioset,0.5095160603523254,6.5,0.2898152768611908,1,0.0,clips/horse/BdsgfqR5Lgc_30/audio.wav,clips/horse/BdsgfqR5Lgc_30/full_10s.wav
Bex5urOyFc8,0.0,horse,audioset,0.8797473311424255,0.5,0.2814611494541168,3,0.0,clips/horse/Bex5urOyFc8_0/audio.wav,clips/horse/Bex5urOyFc8_0/full_10s.wav
BfSqrnyvFIY,0.0,horse,audioset,0.9234514236450195,1.0,0.2803247272968292,0,0.0,clips/horse/BfSqrnyvFIY_0/audio.wav,clips/horse/BfSqrnyvFIY_0/full_10s.wav
BgHGOPsTshk,30.0,horse,audioset,0.688327431678772,6.0,0.2467123568058014,0,0.0,clips/horse/BgHGOPsTshk_30/audio.wav,clips/horse/BgHGOPsTshk_30/full_10s.wav
BgaKzmpJdB8,19.0,horse,audioset+vggsound,0.8998515009880066,0.0,0.283377081155777,3,0.0,clips/horse/BgaKzmpJdB8_19/audio.wav,clips/horse/BgaKzmpJdB8_19/full_10s.wav
BhjUPdA6Ho4,170.0,horse,audioset,0.6946948766708374,0.0,0.3034374415874481,8,0.0,clips/horse/BhjUPdA6Ho4_170/audio.wav,clips/horse/BhjUPdA6Ho4_170/full_10s.wav
BixEZVt4vlM,30.0,horse,audioset+vggsound,0.9149042367935181,6.0,0.28606849908828735,5,0.0,clips/horse/BixEZVt4vlM_30/audio.wav,clips/horse/BixEZVt4vlM_30/full_10s.wav
BlN1yu13AP8,9.0,horse,audioset,0.34252336621284485,5.0,0.2681134045124054,3,0.0,clips/horse/BlN1yu13AP8_9/audio.wav,clips/horse/BlN1yu13AP8_9/full_10s.wav
Bm4yDS9rmvg,30.0,horse,audioset,0.8987395763397217,5.0,0.2761414051055908,4,0.0,clips/horse/Bm4yDS9rmvg_30/audio.wav,clips/horse/Bm4yDS9rmvg_30/full_10s.wav
BmAVAgyobYQ,30.0,horse,audioset+vggsound,0.8109337687492371,4.0,0.29625287652015686,5,0.0,clips/horse/BmAVAgyobYQ_30/audio.wav,clips/horse/BmAVAgyobYQ_30/full_10s.wav
BnJl5ODNek8,30.0,horse,audioset+vggsound,0.9857946634292603,6.0,0.27005213499069214,4,0.0,clips/horse/BnJl5ODNek8_30/audio.wav,clips/horse/BnJl5ODNek8_30/full_10s.wav
Bo1zrj4O6uA,30.0,horse,audioset+vggsound,0.529735267162323,0.0,0.26840537786483765,0,0.0,clips/horse/Bo1zrj4O6uA_30/audio.wav,clips/horse/Bo1zrj4O6uA_30/full_10s.wav
BoM2kASrlo8,30.0,horse,audioset+vggsound,0.9919437170028687,6.5,0.2781469225883484,3,0.0,clips/horse/BoM2kASrlo8_30/audio.wav,clips/horse/BoM2kASrlo8_30/full_10s.wav
BoXrkSgKTjo,0.0,horse,audioset,0.41845184564590454,0.5,0.28313538432121277,2,0.0,clips/horse/BoXrkSgKTjo_0/audio.wav,clips/horse/BoXrkSgKTjo_0/full_10s.wav
Bpx0Ad8Bi4k,20.0,horse,audioset,0.8918747305870056,3.5,0.26818305253982544,4,0.0,clips/horse/Bpx0Ad8Bi4k_20/audio.wav,clips/horse/Bpx0Ad8Bi4k_20/full_10s.wav
BrRJL4WKJ58,30.0,horse,audioset,0.3002487123012543,0.0,0.2732912003993988,3,0.0,clips/horse/BrRJL4WKJ58_30/audio.wav,clips/horse/BrRJL4WKJ58_30/full_10s.wav
BsSSaXXuTsI,30.0,horse,audioset+vggsound,0.9730967879295349,4.0,0.2848436236381531,5,0.0,clips/horse/BsSSaXXuTsI_30/audio.wav,clips/horse/BsSSaXXuTsI_30/full_10s.wav
BsbI6URzLJA,8.0,horse,audioset,0.8692657947540283,3.5,0.2727411091327667,1,0.0,clips/horse/BsbI6URzLJA_8/audio.wav,clips/horse/BsbI6URzLJA_8/full_10s.wav
BslFTxnLVT8,30.0,horse,audioset,0.6186004281044006,6.5,0.28691890835762024,8,0.0,clips/horse/BslFTxnLVT8_30/audio.wav,clips/horse/BslFTxnLVT8_30/full_10s.wav
Bt3mo5ilx4c,30.0,horse,audioset,0.8981217741966248,6.5,0.2808692455291748,7,0.0,clips/horse/Bt3mo5ilx4c_30/audio.wav,clips/horse/Bt3mo5ilx4c_30/full_10s.wav
BumnhvofjbU,5.0,horse,audioset+vggsound,0.9748865365982056,0.5,0.2561836540699005,1,0.0,clips/horse/BumnhvofjbU_5/audio.wav,clips/horse/BumnhvofjbU_5/full_10s.wav
BvdQpA6hfko,9.0,horse,audioset,0.28279346227645874,5.5,0.2747527062892914,6,0.0,clips/horse/BvdQpA6hfko_9/audio.wav,clips/horse/BvdQpA6hfko_9/full_10s.wav
BwkEcEBJ3uQ,30.0,horse,audioset,0.8558225035667419,5.5,0.28123825788497925,5,0.0,clips/horse/BwkEcEBJ3uQ_30/audio.wav,clips/horse/BwkEcEBJ3uQ_30/full_10s.wav
BzXMUYd-v9k,30.0,horse,audioset,0.9072081446647644,0.0,0.285468190908432,0,0.0,clips/horse/BzXMUYd-v9k_30/audio.wav,clips/horse/BzXMUYd-v9k_30/full_10s.wav
Bzv315AQPT0,160.0,horse,audioset,0.8931547999382019,0.5,0.2756374180316925,4,0.0,clips/horse/Bzv315AQPT0_160/audio.wav,clips/horse/Bzv315AQPT0_160/full_10s.wav
C-eA44o3w-U,30.0,horse,audioset,0.9798847436904907,4.0,0.2777548134326935,9,0.0,clips/horse/C-eA44o3w-U_30/audio.wav,clips/horse/C-eA44o3w-U_30/full_10s.wav
C0jDy7PLyhA,30.0,horse,audioset+vggsound,0.9512404203414917,0.0,0.2996964156627655,2,0.0,clips/horse/C0jDy7PLyhA_30/audio.wav,clips/horse/C0jDy7PLyhA_30/full_10s.wav
C1QvPIZ7ug4,30.0,horse,audioset+vggsound,0.7865175604820251,0.0,0.27231571078300476,1,0.0,clips/horse/C1QvPIZ7ug4_30/audio.wav,clips/horse/C1QvPIZ7ug4_30/full_10s.wav
C42YuOU6q7Q,30.0,horse,audioset,0.6495872735977173,1.5,0.27282336354255676,1,0.0,clips/horse/C42YuOU6q7Q_30/audio.wav,clips/horse/C42YuOU6q7Q_30/full_10s.wav
C5JQh-G1PRg,30.0,horse,audioset+vggsound,0.879105806350708,6.0,0.2907753586769104,7,0.0,clips/horse/C5JQh-G1PRg_30/audio.wav,clips/horse/C5JQh-G1PRg_30/full_10s.wav
C5SPLm8ptwo,30.0,horse,audioset+vggsound,0.7707480788230896,2.5,0.2871479094028473,3,0.0,clips/horse/C5SPLm8ptwo_30/audio.wav,clips/horse/C5SPLm8ptwo_30/full_10s.wav
C7-nbNDmOhU,30.0,horse,audioset,0.7996121644973755,6.5,0.2858298718929291,2,0.0,clips/horse/C7-nbNDmOhU_30/audio.wav,clips/horse/C7-nbNDmOhU_30/full_10s.wav
C7YTsHb8IME,17.0,horse,audioset,0.9599606990814209,1.0,0.28869718313217163,5,0.0,clips/horse/C7YTsHb8IME_17/audio.wav,clips/horse/C7YTsHb8IME_17/full_10s.wav
C7i2BqvKdEg,30.0,horse,audioset,0.7325676679611206,2.0,0.25307944416999817,8,0.0,clips/horse/C7i2BqvKdEg_30/audio.wav,clips/horse/C7i2BqvKdEg_30/full_10s.wav
C7jVF1Dt1ew,18.0,horse,audioset+vggsound,0.9160441160202026,5.5,0.27670320868492126,5,0.0,clips/horse/C7jVF1Dt1ew_18/audio.wav,clips/horse/C7jVF1Dt1ew_18/full_10s.wav
C7ka09JVGLM,7.0,horse,audioset+vggsound,0.5879413485527039,1.5,0.2850509285926819,3,0.0,clips/horse/C7ka09JVGLM_7/audio.wav,clips/horse/C7ka09JVGLM_7/full_10s.wav
C86OGhZpsUU,30.0,horse,audioset,0.35236188769340515,1.0,0.27389031648635864,2,0.0,clips/horse/C86OGhZpsUU_30/audio.wav,clips/horse/C86OGhZpsUU_30/full_10s.wav
C9q94YXFAV0,110.0,horse,audioset,0.7720060348510742,6.5,0.23387569189071655,8,0.0,clips/horse/C9q94YXFAV0_110/audio.wav,clips/horse/C9q94YXFAV0_110/full_10s.wav
CAekPQphx-w,19.0,horse,audioset,0.5824185609817505,6.5,0.2738986909389496,2,0.0,clips/horse/CAekPQphx-w_19/audio.wav,clips/horse/CAekPQphx-w_19/full_10s.wav
CAwpoEcIPcA,30.0,horse,audioset+vggsound,0.9012894034385681,0.5,0.2749180197715759,0,0.0,clips/horse/CAwpoEcIPcA_30/audio.wav,clips/horse/CAwpoEcIPcA_30/full_10s.wav
CBIMvIU8_IM,30.0,horse,audioset+vggsound,0.42254191637039185,6.5,0.2719781696796417,0,0.0,clips/horse/CBIMvIU8_IM_30/audio.wav,clips/horse/CBIMvIU8_IM_30/full_10s.wav
CCTuANlZUZE,8.0,horse,audioset+vggsound,0.7720500826835632,6.5,0.2998173236846924,0,0.0,clips/horse/CCTuANlZUZE_8/audio.wav,clips/horse/CCTuANlZUZE_8/full_10s.wav
CEf-_6fRmBk,15.0,horse,audioset,0.3507770299911499,0.0,0.2857832908630371,0,0.0,clips/horse/CEf-_6fRmBk_15/audio.wav,clips/horse/CEf-_6fRmBk_15/full_10s.wav
CGk4i-JLS_M,30.0,horse,audioset,0.9556438326835632,0.0,0.29390183091163635,8,0.0,clips/horse/CGk4i-JLS_M_30/audio.wav,clips/horse/CGk4i-JLS_M_30/full_10s.wav
CJuGzqXF140,12.0,horse,vggsound,0.93944251537323,5.0,0.30861347913742065,4,0.0,clips/horse/CJuGzqXF140_12/audio.wav,clips/horse/CJuGzqXF140_12/full_10s.wav
CKplB8n6T9o,4.0,horse,audioset,0.5829370021820068,0.0,0.2772856652736664,8,0.0,clips/horse/CKplB8n6T9o_4/audio.wav,clips/horse/CKplB8n6T9o_4/full_10s.wav
CM7p-2Kp8bI,190.0,horse,audioset+vggsound,0.5715072751045227,5.5,0.27672499418258667,5,0.0,clips/horse/CM7p-2Kp8bI_190/audio.wav,clips/horse/CM7p-2Kp8bI_190/full_10s.wav
CM98PJGCuGw,0.0,horse,audioset,0.6864562034606934,0.0,0.2627356946468353,2,0.0,clips/horse/CM98PJGCuGw_0/audio.wav,clips/horse/CM98PJGCuGw_0/full_10s.wav
CO5O7C7YfJc,0.0,horse,audioset+vggsound,0.7928148508071899,6.5,0.27389222383499146,6,0.0,clips/horse/CO5O7C7YfJc_0/audio.wav,clips/horse/CO5O7C7YfJc_0/full_10s.wav
COVcfWeKT0E,0.0,horse,audioset,0.9388146996498108,0.5,0.2914060056209564,4,0.0,clips/horse/COVcfWeKT0E_0/audio.wav,clips/horse/COVcfWeKT0E_0/full_10s.wav
CSAGAusAJXI,19.0,horse,audioset+vggsound,0.9971177577972412,1.5,0.2623487412929535,0,0.0,clips/horse/CSAGAusAJXI_19/audio.wav,clips/horse/CSAGAusAJXI_19/full_10s.wav
CSctVmeEws0,30.0,horse,audioset,0.8663785457611084,2.5,0.27575352787971497,4,0.0,clips/horse/CSctVmeEws0_30/audio.wav,clips/horse/CSctVmeEws0_30/full_10s.wav
CT3x9Og3fU4,30.0,horse,audioset,0.929013192653656,2.5,0.2564709782600403,0,0.0,clips/horse/CT3x9Og3fU4_30/audio.wav,clips/horse/CT3x9Og3fU4_30/full_10s.wav
CTwZP0bPqCg,4.0,horse,audioset,0.6995341181755066,3.5,0.27604350447654724,8,0.0,clips/horse/CTwZP0bPqCg_4/audio.wav,clips/horse/CTwZP0bPqCg_4/full_10s.wav
CU0kyxIiIC0,0.0,horse,vggsound,0.8162916302680969,5.5,0.28443893790245056,2,0.0,clips/horse/CU0kyxIiIC0_0/audio.wav,clips/horse/CU0kyxIiIC0_0/full_10s.wav
CUTePwfZ5EQ,30.0,horse,audioset+vggsound,0.9762884378433228,0.5,0.2708578109741211,8,0.0,clips/horse/CUTePwfZ5EQ_30/audio.wav,clips/horse/CUTePwfZ5EQ_30/full_10s.wav
CUlyRLxqW1Q,17.0,horse,audioset+vggsound,0.8826103210449219,3.0,0.2816646993160248,5,0.0,clips/horse/CUlyRLxqW1Q_17/audio.wav,clips/horse/CUlyRLxqW1Q_17/full_10s.wav
CUoKJrs-1T8,30.0,horse,audioset,0.7188116908073425,3.0,0.29992496967315674,9,0.0,clips/horse/CUoKJrs-1T8_30/audio.wav,clips/horse/CUoKJrs-1T8_30/full_10s.wav
CV3_xia19Gc,30.0,horse,audioset,0.82781982421875,2.0,0.26807281374931335,2,0.0,clips/horse/CV3_xia19Gc_30/audio.wav,clips/horse/CV3_xia19Gc_30/full_10s.wav
CV5zaDoeQOk,30.0,horse,audioset,0.9831178188323975,4.0,0.26602524518966675,9,0.0,clips/horse/CV5zaDoeQOk_30/audio.wav,clips/horse/CV5zaDoeQOk_30/full_10s.wav
CVrIlYWic0c,30.0,horse,audioset,0.9958652257919312,5.5,0.26240119338035583,5,0.0,clips/horse/CVrIlYWic0c_30/audio.wav,clips/horse/CVrIlYWic0c_30/full_10s.wav
CVrJi5AU9f4,30.0,horse,audioset,0.5119209885597229,1.5,0.2661677300930023,8,0.0,clips/horse/CVrJi5AU9f4_30/audio.wav,clips/horse/CVrJi5AU9f4_30/full_10s.wav
CVxMI9U00PE,30.0,horse,audioset,0.7723166942596436,6.5,0.2391611486673355,0,0.0,clips/horse/CVxMI9U00PE_30/audio.wav,clips/horse/CVxMI9U00PE_30/full_10s.wav
CXYfryU_6qY,30.0,horse,audioset+vggsound,0.48160216212272644,0.0,0.26389279961586,7,0.0,clips/horse/CXYfryU_6qY_30/audio.wav,clips/horse/CXYfryU_6qY_30/full_10s.wav
CXnspnV1tZw,20.0,horse,vggsound,0.88872891664505,2.5,0.29172372817993164,0,0.0,clips/horse/CXnspnV1tZw_20/audio.wav,clips/horse/CXnspnV1tZw_20/full_10s.wav
CXnspnV1tZw,48.0,horse,vggsound,0.9199733734130859,2.0,0.2890305817127228,3,0.0,clips/horse/CXnspnV1tZw_48/audio.wav,clips/horse/CXnspnV1tZw_48/full_10s.wav
CYoZ26f3lZU,30.0,horse,audioset,0.5332921147346497,6.5,0.2782163619995117,0,0.0,clips/horse/CYoZ26f3lZU_30/audio.wav,clips/horse/CYoZ26f3lZU_30/full_10s.wav
C_Ld0QrpaxQ,1.0,horse,audioset+vggsound,0.8021363615989685,2.0,0.2649867832660675,8,0.0,clips/horse/C_Ld0QrpaxQ_1/audio.wav,clips/horse/C_Ld0QrpaxQ_1/full_10s.wav
CaYNuuW9rt4,11.0,horse,audioset+vggsound,0.8079483509063721,3.0,0.3222663998603821,2,0.0,clips/horse/CaYNuuW9rt4_11/audio.wav,clips/horse/CaYNuuW9rt4_11/full_10s.wav
CayfgOUTSx4,30.0,horse,audioset+vggsound,0.8181517720222473,6.5,0.3008359372615814,5,0.0,clips/horse/CayfgOUTSx4_30/audio.wav,clips/horse/CayfgOUTSx4_30/full_10s.wav
CbFvx45bq0o,40.0,horse,audioset,0.7914530038833618,0.5,0.2740846276283264,8,0.0,clips/horse/CbFvx45bq0o_40/audio.wav,clips/horse/CbFvx45bq0o_40/full_10s.wav
Cbs3oYxw2u0,30.0,horse,audioset,0.3033653795719147,2.0,0.26577135920524597,8,0.0,clips/horse/Cbs3oYxw2u0_30/audio.wav,clips/horse/Cbs3oYxw2u0_30/full_10s.wav
CcE4Aqy8h9k,30.0,horse,audioset,0.8385710120201111,3.0,0.2779965400695801,3,0.0,clips/horse/CcE4Aqy8h9k_30/audio.wav,clips/horse/CcE4Aqy8h9k_30/full_10s.wav
Cdnv9aW4hHE,390.0,horse,audioset,0.3525075614452362,4.5,0.2794433832168579,1,0.0,clips/horse/Cdnv9aW4hHE_390/audio.wav,clips/horse/Cdnv9aW4hHE_390/full_10s.wav
Cf5enJQ7tx8,30.0,horse,audioset,0.9408048987388611,4.5,0.27328038215637207,2,0.0,clips/horse/Cf5enJQ7tx8_30/audio.wav,clips/horse/Cf5enJQ7tx8_30/full_10s.wav
CgEMjHYrryI,30.0,horse,audioset,0.9287344217300415,4.0,0.2395600527524948,3,0.0,clips/horse/CgEMjHYrryI_30/audio.wav,clips/horse/CgEMjHYrryI_30/full_10s.wav
Cgtmk5RO9pE,3.0,horse,audioset+vggsound,0.9420145153999329,3.0,0.25724709033966064,5,0.0,clips/horse/Cgtmk5RO9pE_3/audio.wav,clips/horse/Cgtmk5RO9pE_3/full_10s.wav
Ch6YdbMt1gk,14.0,horse,audioset,0.3519553542137146,4.5,0.25660398602485657,6,0.0,clips/horse/Ch6YdbMt1gk_14/audio.wav,clips/horse/Ch6YdbMt1gk_14/full_10s.wav
Ch9Nigxbh_U,30.0,horse,audioset+vggsound,0.9121621251106262,0.5,0.27702680230140686,5,0.0,clips/horse/Ch9Nigxbh_U_30/audio.wav,clips/horse/Ch9Nigxbh_U_30/full_10s.wav
ClI7DtS6seQ,90.0,horse,audioset,0.6290801167488098,0.5,0.2692202627658844,5,0.0,clips/horse/ClI7DtS6seQ_90/audio.wav,clips/horse/ClI7DtS6seQ_90/full_10s.wav
ClyU7msUTcI,30.0,horse,audioset,0.9529164433479309,6.0,0.26396867632865906,0,0.0,clips/horse/ClyU7msUTcI_30/audio.wav,clips/horse/ClyU7msUTcI_30/full_10s.wav
Cm-W4cnPbUU,70.0,horse,audioset,0.6467015743255615,6.5,0.2735348045825958,1,0.0,clips/horse/Cm-W4cnPbUU_70/audio.wav,clips/horse/Cm-W4cnPbUU_70/full_10s.wav
Cm1KlSSopYA,30.0,horse,audioset+vggsound,0.9082779288291931,2.5,0.29236724972724915,7,0.0,clips/horse/Cm1KlSSopYA_30/audio.wav,clips/horse/Cm1KlSSopYA_30/full_10s.wav
CnLzWqG3tEk,30.0,horse,audioset,0.9747779965400696,3.5,0.28882408142089844,9,0.0,clips/horse/CnLzWqG3tEk_30/audio.wav,clips/horse/CnLzWqG3tEk_30/full_10s.wav
CnQAW7qQ_jk,30.0,horse,audioset+vggsound,0.8568785786628723,0.0,0.26576027274131775,6,0.0,clips/horse/CnQAW7qQ_jk_30/audio.wav,clips/horse/CnQAW7qQ_jk_30/full_10s.wav
CqYHvzxuBfQ,50.0,horse,audioset,0.9096853733062744,1.0,0.26771387457847595,5,0.0,clips/horse/CqYHvzxuBfQ_50/audio.wav,clips/horse/CqYHvzxuBfQ_50/full_10s.wav
CrOxSZ293sY,30.0,horse,audioset+vggsound,0.6685971617698669,1.0,0.2797967791557312,0,0.0,clips/horse/CrOxSZ293sY_30/audio.wav,clips/horse/CrOxSZ293sY_30/full_10s.wav
CseD7zNaJM4,30.0,horse,audioset,0.4016200006008148,3.0,0.28299134969711304,5,0.0,clips/horse/CseD7zNaJM4_30/audio.wav,clips/horse/CseD7zNaJM4_30/full_10s.wav
Ctpbqy2_8sI,30.0,horse,audioset,0.7484326362609863,0.0,0.2764672636985779,8,0.0,clips/horse/Ctpbqy2_8sI_30/audio.wav,clips/horse/Ctpbqy2_8sI_30/full_10s.wav
CuprXEFi8pc,21.0,horse,audioset+vggsound,0.910973072052002,2.0,0.28278765082359314,6,0.0,clips/horse/CuprXEFi8pc_21/audio.wav,clips/horse/CuprXEFi8pc_21/full_10s.wav
Cx40BXHe4bQ,30.0,horse,audioset,0.9269642233848572,2.5,0.2606736123561859,3,0.0,clips/horse/Cx40BXHe4bQ_30/audio.wav,clips/horse/Cx40BXHe4bQ_30/full_10s.wav
Cy3Rw3r0SF8,30.0,horse,audioset,0.36132121086120605,6.5,0.2636472284793854,7,0.0,clips/horse/Cy3Rw3r0SF8_30/audio.wav,clips/horse/Cy3Rw3r0SF8_30/full_10s.wav
Cy7LhsN3YB8,26.0,horse,audioset+vggsound,0.9462488889694214,4.5,0.2742280960083008,2,0.0,clips/horse/Cy7LhsN3YB8_26/audio.wav,clips/horse/Cy7LhsN3YB8_26/full_10s.wav
CyAEXtTd24g,30.0,horse,audioset,0.9322066903114319,2.5,0.27901387214660645,7,0.0,clips/horse/CyAEXtTd24g_30/audio.wav,clips/horse/CyAEXtTd24g_30/full_10s.wav
CybyFTR0-2o,13.0,horse,audioset+vggsound,0.965351939201355,4.5,0.27713876962661743,2,0.0,clips/horse/CybyFTR0-2o_13/audio.wav,clips/horse/CybyFTR0-2o_13/full_10s.wav
CzafqCxcKLE,30.0,horse,audioset,0.7890328764915466,0.0,0.2406056821346283,8,0.0,clips/horse/CzafqCxcKLE_30/audio.wav,clips/horse/CzafqCxcKLE_30/full_10s.wav
D-I0j-GvBYA,30.0,horse,audioset,0.9385980367660522,3.5,0.2781166434288025,8,0.0,clips/horse/D-I0j-GvBYA_30/audio.wav,clips/horse/D-I0j-GvBYA_30/full_10s.wav
D0-wedP8APM,30.0,horse,audioset,0.9683076739311218,0.0,0.24410977959632874,6,0.0,clips/horse/D0-wedP8APM_30/audio.wav,clips/horse/D0-wedP8APM_30/full_10s.wav
D22_Tn7znGU,30.0,horse,audioset,0.871644914150238,3.0,0.2505112290382385,7,0.0,clips/horse/D22_Tn7znGU_30/audio.wav,clips/horse/D22_Tn7znGU_30/full_10s.wav
D24ehd2MOaI,120.0,horse,audioset,0.6695981621742249,2.5,0.2703356444835663,2,0.0,clips/horse/D24ehd2MOaI_120/audio.wav,clips/horse/D24ehd2MOaI_120/full_10s.wav
D3eTCr_KzBk,420.0,horse,audioset,0.7802373766899109,1.5,0.2815549373626709,8,0.0,clips/horse/D3eTCr_KzBk_420/audio.wav,clips/horse/D3eTCr_KzBk_420/full_10s.wav
D3vHKND-r38,26.0,horse,vggsound,0.8919250965118408,3.5,0.276283860206604,3,0.0,clips/horse/D3vHKND-r38_26/audio.wav,clips/horse/D3vHKND-r38_26/full_10s.wav
D53dGSTXs-o,11.0,horse,audioset,0.5162308812141418,5.0,0.26894327998161316,0,0.0,clips/horse/D53dGSTXs-o_11/audio.wav,clips/horse/D53dGSTXs-o_11/full_10s.wav
D621Ie5Pi3k,250.0,horse,audioset,0.8557480573654175,5.5,0.28107213973999023,5,0.0,clips/horse/D621Ie5Pi3k_250/audio.wav,clips/horse/D621Ie5Pi3k_250/full_10s.wav
D8u7Ubwjq5E,0.0,horse,audioset,0.666378378868103,2.5,0.28031718730926514,1,0.0,clips/horse/D8u7Ubwjq5E_0/audio.wav,clips/horse/D8u7Ubwjq5E_0/full_10s.wav
D9VeaQ-_zR0,15.0,horse,audioset,0.93384850025177,0.0,0.25918325781822205,2,0.0,clips/horse/D9VeaQ-_zR0_15/audio.wav,clips/horse/D9VeaQ-_zR0_15/full_10s.wav
D9amuMcOin8,30.0,horse,audioset+vggsound,0.9737281799316406,0.0,0.2878853678703308,1,0.0,clips/horse/D9amuMcOin8_30/audio.wav,clips/horse/D9amuMcOin8_30/full_10s.wav
DBU95N2OfrI,30.0,horse,audioset,0.9482207894325256,2.0,0.28477388620376587,3,0.0,clips/horse/DBU95N2OfrI_30/audio.wav,clips/horse/DBU95N2OfrI_30/full_10s.wav
DGn7T6q-Q-w,30.0,horse,audioset,0.5767631530761719,0.0,0.2813074290752411,6,0.0,clips/horse/DGn7T6q-Q-w_30/audio.wav,clips/horse/DGn7T6q-Q-w_30/full_10s.wav
DH-5i5-elxI,30.0,horse,audioset,0.5364348888397217,5.5,0.2345772683620453,8,0.0,clips/horse/DH-5i5-elxI_30/audio.wav,clips/horse/DH-5i5-elxI_30/full_10s.wav
DHzoE8_Xqgk,23.0,horse,audioset+vggsound,0.9737420678138733,1.5,0.2695136070251465,9,0.0,clips/horse/DHzoE8_Xqgk_23/audio.wav,clips/horse/DHzoE8_Xqgk_23/full_10s.wav
DJclHUgiz_U,30.0,horse,audioset+vggsound,0.9536385536193848,5.5,0.2753872573375702,1,0.0,clips/horse/DJclHUgiz_U_30/audio.wav,clips/horse/DJclHUgiz_U_30/full_10s.wav
DJn1wOC-gnE,85.0,horse,vggsound,0.6790235042572021,0.0,0.28879308700561523,6,0.0,clips/horse/DJn1wOC-gnE_85/audio.wav,clips/horse/DJn1wOC-gnE_85/full_10s.wav
DK-Y1LWMXPU,30.0,horse,audioset,0.7780314087867737,3.5,0.28581076860427856,5,0.0,clips/horse/DK-Y1LWMXPU_30/audio.wav,clips/horse/DK-Y1LWMXPU_30/full_10s.wav
DKpmcwPmWbc,240.0,horse,audioset,0.3051462471485138,2.0,0.27835848927497864,2,0.0,clips/horse/DKpmcwPmWbc_240/audio.wav,clips/horse/DKpmcwPmWbc_240/full_10s.wav
DKts229UWxY,30.0,horse,audioset,0.8386117219924927,2.5,0.2976750135421753,3,0.0,clips/horse/DKts229UWxY_30/audio.wav,clips/horse/DKts229UWxY_30/full_10s.wav
DOsBP-y-VV4,30.0,horse,audioset+vggsound,0.41645267605781555,1.5,0.2849787771701813,0,0.0,clips/horse/DOsBP-y-VV4_30/audio.wav,clips/horse/DOsBP-y-VV4_30/full_10s.wav
DPAMGRiw5Vg,30.0,horse,audioset,0.5687219500541687,3.5,0.2653522193431854,4,0.0,clips/horse/DPAMGRiw5Vg_30/audio.wav,clips/horse/DPAMGRiw5Vg_30/full_10s.wav
DPK2xgzdN18,30.0,horse,audioset,0.28674471378326416,5.5,0.27571240067481995,3,0.0,clips/horse/DPK2xgzdN18_30/audio.wav,clips/horse/DPK2xgzdN18_30/full_10s.wav
DPmQfp49nWo,30.0,horse,audioset+vggsound,0.9794113039970398,3.0,0.286175400018692,7,0.0,clips/horse/DPmQfp49nWo_30/audio.wav,clips/horse/DPmQfp49nWo_30/full_10s.wav
DQF1qMMl2ww,130.0,horse,audioset,0.4727412462234497,3.0,0.27632883191108704,2,0.0,clips/horse/DQF1qMMl2ww_130/audio.wav,clips/horse/DQF1qMMl2ww_130/full_10s.wav
DRWNwyn6Xh0,0.0,horse,audioset,0.6676442623138428,0.0,0.2675524652004242,1,0.0,clips/horse/DRWNwyn6Xh0_0/audio.wav,clips/horse/DRWNwyn6Xh0_0/full_10s.wav
DV9XRZkBxBQ,11.0,horse,audioset+vggsound,0.954764187335968,0.0,0.2445959746837616,0,0.0,clips/horse/DV9XRZkBxBQ_11/audio.wav,clips/horse/DV9XRZkBxBQ_11/full_10s.wav
DVI8zpOnoXU,30.0,horse,audioset,0.9642428159713745,5.5,0.2956908345222473,6,0.0,clips/horse/DVI8zpOnoXU_30/audio.wav,clips/horse/DVI8zpOnoXU_30/full_10s.wav
DVsJ9Iy3-lQ,30.0,horse,audioset,0.3903568983078003,2.5,0.2819468677043915,7,0.0,clips/horse/DVsJ9Iy3-lQ_30/audio.wav,clips/horse/DVsJ9Iy3-lQ_30/full_10s.wav
DWZY0lhaxe0,40.0,horse,audioset,0.3650471866130829,0.0,0.2788143754005432,0,0.0,clips/horse/DWZY0lhaxe0_40/audio.wav,clips/horse/DWZY0lhaxe0_40/full_10s.wav
DX5Kzbqd2SQ,30.0,horse,audioset+vggsound,0.5859068632125854,0.0,0.2721197009086609,6,0.0,clips/horse/DX5Kzbqd2SQ_30/audio.wav,clips/horse/DX5Kzbqd2SQ_30/full_10s.wav
DXRlK0dBFJw,30.0,horse,audioset,0.5310065746307373,3.5,0.2801802158355713,4,0.0,clips/horse/DXRlK0dBFJw_30/audio.wav,clips/horse/DXRlK0dBFJw_30/full_10s.wav
DYA-zwZRIX4,1.0,horse,audioset+vggsound,0.26690441370010376,1.5,0.28360825777053833,8,0.0,clips/horse/DYA-zwZRIX4_1/audio.wav,clips/horse/DYA-zwZRIX4_1/full_10s.wav
DYANY6PfxVg,140.0,horse,audioset,0.9610096216201782,0.0,0.2848212420940399,3,0.0,clips/horse/DYANY6PfxVg_140/audio.wav,clips/horse/DYANY6PfxVg_140/full_10s.wav
DZz05XSdsRg,30.0,horse,audioset+vggsound,0.876255452632904,0.0,0.289995402097702,9,0.0,clips/horse/DZz05XSdsRg_30/audio.wav,clips/horse/DZz05XSdsRg_30/full_10s.wav
DZzXyV2nS90,30.0,horse,audioset,0.9162640571594238,1.5,0.28228065371513367,1,0.0,clips/horse/DZzXyV2nS90_30/audio.wav,clips/horse/DZzXyV2nS90_30/full_10s.wav
D_Mvi_ozCds,30.0,horse,audioset,0.8498692512512207,5.5,0.26935070753097534,1,0.0,clips/horse/D_Mvi_ozCds_30/audio.wav,clips/horse/D_Mvi_ozCds_30/full_10s.wav
DbpWT1_u7Y8,29.0,horse,audioset+vggsound,0.8779212832450867,4.0,0.2906343340873718,0,0.0,clips/horse/DbpWT1_u7Y8_29/audio.wav,clips/horse/DbpWT1_u7Y8_29/full_10s.wav
DdDi9EvLsvU,30.0,horse,audioset,0.2843245267868042,0.5,0.2506585121154785,8,0.0,clips/horse/DdDi9EvLsvU_30/audio.wav,clips/horse/DdDi9EvLsvU_30/full_10s.wav
Ddbt3mOG7Zk,30.0,horse,audioset+vggsound,0.3811857998371124,2.5,0.27947959303855896,9,0.0,clips/horse/Ddbt3mOG7Zk_30/audio.wav,clips/horse/Ddbt3mOG7Zk_30/full_10s.wav
DdndTNiN3HI,6.0,horse,audioset,0.9496412873268127,0.0,0.28838762640953064,0,0.0,clips/horse/DdndTNiN3HI_6/audio.wav,clips/horse/DdndTNiN3HI_6/full_10s.wav
DdpxL6-ySmg,30.0,horse,audioset,0.2855358421802521,3.5,0.2780006229877472,4,0.0,clips/horse/DdpxL6-ySmg_30/audio.wav,clips/horse/DdpxL6-ySmg_30/full_10s.wav
DegSrwcSF3k,30.0,horse,audioset+vggsound,0.9320011734962463,0.0,0.29073333740234375,4,0.0,clips/horse/DegSrwcSF3k_30/audio.wav,clips/horse/DegSrwcSF3k_30/full_10s.wav
DfpWfvvUJ34,11.0,horse,audioset,0.7963959574699402,0.0,0.2648404538631439,0,0.0,clips/horse/DfpWfvvUJ34_11/audio.wav,clips/horse/DfpWfvvUJ34_11/full_10s.wav
Dg0SV-xt9tE,30.0,horse,audioset,0.8512260317802429,4.0,0.2797650098800659,3,0.0,clips/horse/Dg0SV-xt9tE_30/audio.wav,clips/horse/Dg0SV-xt9tE_30/full_10s.wav
DgS-h2tKipk,30.0,horse,audioset+vggsound,0.7379171848297119,4.5,0.2791951298713684,9,0.0,clips/horse/DgS-h2tKipk_30/audio.wav,clips/horse/DgS-h2tKipk_30/full_10s.wav
DgXE-4kyd9s,30.0,horse,audioset,0.2666948735713959,2.0,0.26653045415878296,8,0.0,clips/horse/DgXE-4kyd9s_30/audio.wav,clips/horse/DgXE-4kyd9s_30/full_10s.wav
Dh7RZZdqdtA,30.0,horse,audioset+vggsound,0.9238183498382568,0.5,0.23751230537891388,5,0.0,clips/horse/Dh7RZZdqdtA_30/audio.wav,clips/horse/Dh7RZZdqdtA_30/full_10s.wav
DhCqt3PJT6E,10.0,horse,audioset,0.5519499182701111,5.5,0.2535456717014313,2,0.0,clips/horse/DhCqt3PJT6E_10/audio.wav,clips/horse/DhCqt3PJT6E_10/full_10s.wav
DiDu8MPeiPQ,11.0,horse,audioset,0.9750986695289612,2.0,0.2556788921356201,0,0.0,clips/horse/DiDu8MPeiPQ_11/audio.wav,clips/horse/DiDu8MPeiPQ_11/full_10s.wav
Dl46J7KgPF4,30.0,horse,audioset+vggsound,0.5260237455368042,6.0,0.2493678629398346,0,0.0,clips/horse/Dl46J7KgPF4_30/audio.wav,clips/horse/Dl46J7KgPF4_30/full_10s.wav
DlZnnYSfM2s,10.0,horse,audioset+vggsound,0.9446790218353271,0.0,0.284204363822937,1,0.0,clips/horse/DlZnnYSfM2s_10/audio.wav,clips/horse/DlZnnYSfM2s_10/full_10s.wav
Dlc-9KO-jmA,25.0,horse,audioset,0.6826851963996887,0.0,0.2790523171424866,8,0.0,clips/horse/Dlc-9KO-jmA_25/audio.wav,clips/horse/Dlc-9KO-jmA_25/full_10s.wav
DldUEH49gkE,30.0,horse,audioset+vggsound,0.35160714387893677,3.0,0.2767064869403839,3,0.0,clips/horse/DldUEH49gkE_30/audio.wav,clips/horse/DldUEH49gkE_30/full_10s.wav
DmoQLP-wDwM,30.0,horse,audioset,0.880226731300354,0.5,0.2768053114414215,2,0.0,clips/horse/DmoQLP-wDwM_30/audio.wav,clips/horse/DmoQLP-wDwM_30/full_10s.wav
DoKRvzwLpKw,30.0,horse,audioset,0.2517201602458954,0.5,0.2830613851547241,2,0.0,clips/horse/DoKRvzwLpKw_30/audio.wav,clips/horse/DoKRvzwLpKw_30/full_10s.wav
DoqN8gsaclU,0.0,horse,audioset,0.5215137004852295,1.5,0.2674274146556854,3,0.0,clips/horse/DoqN8gsaclU_0/audio.wav,clips/horse/DoqN8gsaclU_0/full_10s.wav
Dpj2JASdgTA,30.0,horse,audioset+vggsound,0.763708233833313,1.5,0.2779788672924042,0,0.0,clips/horse/Dpj2JASdgTA_30/audio.wav,clips/horse/Dpj2JASdgTA_30/full_10s.wav
DqPubp40I4o,30.0,horse,audioset,0.9398210644721985,0.0,0.2738074064254761,7,0.0,clips/horse/DqPubp40I4o_30/audio.wav,clips/horse/DqPubp40I4o_30/full_10s.wav
Dsngq0CkjlU,30.0,horse,audioset+vggsound,0.6998985409736633,4.0,0.27374008297920227,2,0.0,clips/horse/Dsngq0CkjlU_30/audio.wav,clips/horse/Dsngq0CkjlU_30/full_10s.wav
DtaORGcIToc,30.0,horse,audioset,0.3172893524169922,1.0,0.2720099687576294,9,0.0,clips/horse/DtaORGcIToc_30/audio.wav,clips/horse/DtaORGcIToc_30/full_10s.wav
DtpxQkEQR-I,30.0,horse,audioset,0.3601384460926056,1.0,0.28421327471733093,8,0.0,clips/horse/DtpxQkEQR-I_30/audio.wav,clips/horse/DtpxQkEQR-I_30/full_10s.wav
Du9lHPMuO7Q,9.0,horse,audioset,0.5843706130981445,1.0,0.2795759439468384,8,0.0,clips/horse/Du9lHPMuO7Q_9/audio.wav,clips/horse/Du9lHPMuO7Q_9/full_10s.wav
DuWkYCyOrN0,30.0,horse,audioset,0.3603303134441376,6.5,0.2747379541397095,3,0.0,clips/horse/DuWkYCyOrN0_30/audio.wav,clips/horse/DuWkYCyOrN0_30/full_10s.wav
DvatujJCfPY,0.0,horse,audioset+vggsound,0.9410790205001831,1.0,0.2718691825866699,5,0.0,clips/horse/DvatujJCfPY_0/audio.wav,clips/horse/DvatujJCfPY_0/full_10s.wav
DxfHxbLi0kQ,30.0,horse,audioset+vggsound,0.9385080337524414,4.0,0.2727440893650055,8,0.0,clips/horse/DxfHxbLi0kQ_30/audio.wav,clips/horse/DxfHxbLi0kQ_30/full_10s.wav
DyYlHwrPmpM,30.0,horse,audioset+vggsound,0.43942585587501526,4.5,0.28713807463645935,1,0.0,clips/horse/DyYlHwrPmpM_30/audio.wav,clips/horse/DyYlHwrPmpM_30/full_10s.wav
DyzVZoxAPUY,30.0,horse,audioset+vggsound,0.5542811751365662,4.0,0.2772677540779114,6,0.0,clips/horse/DyzVZoxAPUY_30/audio.wav,clips/horse/DyzVZoxAPUY_30/full_10s.wav
Dz7RlPlYk_4,30.0,horse,audioset+vggsound,0.9828670620918274,4.5,0.26078522205352783,2,0.0,clips/horse/Dz7RlPlYk_4_30/audio.wav,clips/horse/Dz7RlPlYk_4_30/full_10s.wav
DzdSCpQsCXU,24.0,horse,audioset,0.7109609246253967,2.5,0.2650029957294464,1,0.0,clips/horse/DzdSCpQsCXU_24/audio.wav,clips/horse/DzdSCpQsCXU_24/full_10s.wav
Dzm2vpbW9No,30.0,horse,audioset,0.9427001476287842,2.0,0.22286197543144226,6,0.0,clips/horse/Dzm2vpbW9No_30/audio.wav,clips/horse/Dzm2vpbW9No_30/full_10s.wav
E02KUbxvDd4,30.0,horse,audioset,0.9186677932739258,1.5,0.2776188254356384,5,0.0,clips/horse/E02KUbxvDd4_30/audio.wav,clips/horse/E02KUbxvDd4_30/full_10s.wav
E0wv6VrPcZ8,8.0,horse,audioset+vggsound,0.7733038663864136,0.0,0.2737172842025757,3,0.0,clips/horse/E0wv6VrPcZ8_8/audio.wav,clips/horse/E0wv6VrPcZ8_8/full_10s.wav
E1L-C-wPpdA,30.0,horse,audioset,0.92913419008255,3.5,0.2691623568534851,0,0.0,clips/horse/E1L-C-wPpdA_30/audio.wav,clips/horse/E1L-C-wPpdA_30/full_10s.wav
E1xrx2j9knI,30.0,horse,audioset,0.9348154067993164,2.5,0.31042060256004333,5,0.0,clips/horse/E1xrx2j9knI_30/audio.wav,clips/horse/E1xrx2j9knI_30/full_10s.wav
E3L6Y6ZkFcA,8.0,horse,audioset,0.4240509867668152,0.0,0.289763480424881,4,0.0,clips/horse/E3L6Y6ZkFcA_8/audio.wav,clips/horse/E3L6Y6ZkFcA_8/full_10s.wav
E3Rna44bYSY,4.0,horse,audioset,0.8957275748252869,6.5,0.27798229455947876,4,0.0,clips/horse/E3Rna44bYSY_4/audio.wav,clips/horse/E3Rna44bYSY_4/full_10s.wav
E4gMihRfL1U,0.0,horse,audioset,0.9153568148612976,1.0,0.2568231225013733,0,0.0,clips/horse/E4gMihRfL1U_0/audio.wav,clips/horse/E4gMihRfL1U_0/full_10s.wav
E53y5uR4utI,30.0,horse,audioset,0.8917791247367859,6.5,0.29207873344421387,1,0.0,clips/horse/E53y5uR4utI_30/audio.wav,clips/horse/E53y5uR4utI_30/full_10s.wav
E5cXK6Bgjww,30.0,horse,audioset,0.8532145023345947,0.0,0.2681104242801666,6,0.0,clips/horse/E5cXK6Bgjww_30/audio.wav,clips/horse/E5cXK6Bgjww_30/full_10s.wav
E5pQaBGPc3E,30.0,horse,audioset,0.9606065154075623,5.5,0.2830783724784851,3,0.0,clips/horse/E5pQaBGPc3E_30/audio.wav,clips/horse/E5pQaBGPc3E_30/full_10s.wav
E6T-VkAudpk,30.0,horse,audioset+vggsound,0.7918158769607544,5.5,0.25985822081565857,5,0.0,clips/horse/E6T-VkAudpk_30/audio.wav,clips/horse/E6T-VkAudpk_30/full_10s.wav
E8XJUGEllzM,14.0,horse,vggsound,0.5783601999282837,5.5,0.2868138551712036,3,0.0,clips/horse/E8XJUGEllzM_14/audio.wav,clips/horse/E8XJUGEllzM_14/full_10s.wav
E8XJUGEllzM,3.0,horse,vggsound,0.6330843567848206,4.5,0.2918465733528137,1,0.0,clips/horse/E8XJUGEllzM_3/audio.wav,clips/horse/E8XJUGEllzM_3/full_10s.wav
E8b16YUIgvE,30.0,horse,audioset,0.7467033863067627,5.0,0.26385366916656494,0,0.0,clips/horse/E8b16YUIgvE_30/audio.wav,clips/horse/E8b16YUIgvE_30/full_10s.wav
E9L525e-wts,30.0,horse,audioset,0.3345454931259155,4.0,0.25698718428611755,5,0.0,clips/horse/E9L525e-wts_30/audio.wav,clips/horse/E9L525e-wts_30/full_10s.wav
E9mNmEQHqCI,30.0,horse,audioset+vggsound,0.32004889845848083,4.0,0.2763954997062683,0,0.0,clips/horse/E9mNmEQHqCI_30/audio.wav,clips/horse/E9mNmEQHqCI_30/full_10s.wav
EBqf_7ONp2k,30.0,horse,audioset,0.836691677570343,0.0,0.24452714622020721,7,0.0,clips/horse/EBqf_7ONp2k_30/audio.wav,clips/horse/EBqf_7ONp2k_30/full_10s.wav
ED9dW8kxCEM,30.0,horse,audioset+vggsound,0.6082149147987366,0.0,0.29403358697891235,8,0.0,clips/horse/ED9dW8kxCEM_30/audio.wav,clips/horse/ED9dW8kxCEM_30/full_10s.wav
EDq8Iqto43g,1.0,horse,audioset,0.8393019437789917,2.5,0.27855950593948364,2,0.0,clips/horse/EDq8Iqto43g_1/audio.wav,clips/horse/EDq8Iqto43g_1/full_10s.wav
EDrAy62gCFw,15.0,horse,audioset,0.6971956491470337,0.0,0.2767432928085327,1,0.0,clips/horse/EDrAy62gCFw_15/audio.wav,clips/horse/EDrAy62gCFw_15/full_10s.wav
EEO6hZ4eFZY,30.0,horse,audioset,0.820417582988739,5.5,0.27031534910202026,6,0.0,clips/horse/EEO6hZ4eFZY_30/audio.wav,clips/horse/EEO6hZ4eFZY_30/full_10s.wav
EEXCVIRguiY,30.0,horse,audioset,0.3257922828197479,0.0,0.2755153775215149,8,0.0,clips/horse/EEXCVIRguiY_30/audio.wav,clips/horse/EEXCVIRguiY_30/full_10s.wav
EEgTFc_chsc,0.0,horse,audioset+vggsound,0.9597672820091248,5.5,0.2818589508533478,7,0.0,clips/horse/EEgTFc_chsc_0/audio.wav,clips/horse/EEgTFc_chsc_0/full_10s.wav
EFWatPE8Wjc,30.0,horse,audioset+vggsound,0.9663484692573547,6.5,0.2639535963535309,9,0.0,clips/horse/EFWatPE8Wjc_30/audio.wav,clips/horse/EFWatPE8Wjc_30/full_10s.wav
EGdzKlKkGiQ,30.0,horse,audioset,0.5742119550704956,1.0,0.266439288854599,6,0.0,clips/horse/EGdzKlKkGiQ_30/audio.wav,clips/horse/EGdzKlKkGiQ_30/full_10s.wav
EIWpSTCRXAc,0.0,horse,vggsound,0.8941083550453186,1.0,0.2863805294036865,6,0.0,clips/horse/EIWpSTCRXAc_0/audio.wav,clips/horse/EIWpSTCRXAc_0/full_10s.wav
EIo9yMo1bzc,18.0,horse,audioset,0.8849782347679138,2.5,0.27660638093948364,8,0.0,clips/horse/EIo9yMo1bzc_18/audio.wav,clips/horse/EIo9yMo1bzc_18/full_10s.wav
EJTvpK2QPdE,110.0,horse,audioset,0.9133334755897522,5.5,0.2667478621006012,6,0.0,clips/horse/EJTvpK2QPdE_110/audio.wav,clips/horse/EJTvpK2QPdE_110/full_10s.wav
EJ_bqGq8Mp4,30.0,horse,audioset,0.3420390784740448,2.5,0.28871390223503113,3,0.0,clips/horse/EJ_bqGq8Mp4_30/audio.wav,clips/horse/EJ_bqGq8Mp4_30/full_10s.wav
EKghLhR8New,30.0,horse,audioset,0.9559558033943176,2.5,0.2761193811893463,0,0.0,clips/horse/EKghLhR8New_30/audio.wav,clips/horse/EKghLhR8New_30/full_10s.wav
EKoOEU-M3Nc,30.0,horse,audioset,0.8368816375732422,5.0,0.264260858297348,0,0.0,clips/horse/EKoOEU-M3Nc_30/audio.wav,clips/horse/EKoOEU-M3Nc_30/full_10s.wav
ELsd90nOxnI,5.0,horse,vggsound,0.6852209568023682,3.5,0.2612318992614746,7,0.0,clips/horse/ELsd90nOxnI_5/audio.wav,clips/horse/ELsd90nOxnI_5/full_10s.wav
ELstbaxgv20,30.0,horse,audioset,0.7883225679397583,5.5,0.2616249918937683,1,0.0,clips/horse/ELstbaxgv20_30/audio.wav,clips/horse/ELstbaxgv20_30/full_10s.wav
EN89KybPotA,30.0,horse,audioset+vggsound,0.9026094675064087,1.5,0.27714258432388306,3,0.0,clips/horse/EN89KybPotA_30/audio.wav,clips/horse/EN89KybPotA_30/full_10s.wav
EOWhKykfIYE,30.0,horse,audioset,0.5826539993286133,1.5,0.2803625762462616,7,0.0,clips/horse/EOWhKykfIYE_30/audio.wav,clips/horse/EOWhKykfIYE_30/full_10s.wav
EP3eh3ED2-4,0.0,horse,audioset,0.3213440477848053,4.0,0.2519395649433136,8,0.0,clips/horse/EP3eh3ED2-4_0/audio.wav,clips/horse/EP3eh3ED2-4_0/full_10s.wav
EQV0Cg7KmZI,20.0,horse,audioset+vggsound,0.9313028454780579,3.5,0.2612984776496887,5,0.0,clips/horse/EQV0Cg7KmZI_20/audio.wav,clips/horse/EQV0Cg7KmZI_20/full_10s.wav
EQqj7llJrA0,30.0,horse,audioset,0.9426011443138123,0.0,0.248790442943573,5,0.0,clips/horse/EQqj7llJrA0_30/audio.wav,clips/horse/EQqj7llJrA0_30/full_10s.wav
ER1c1h89GjA,30.0,horse,audioset+vggsound,0.3909556269645691,0.0,0.2716663181781769,3,0.0,clips/horse/ER1c1h89GjA_30/audio.wav,clips/horse/ER1c1h89GjA_30/full_10s.wav
ES6piySS22g,30.0,horse,audioset+vggsound,0.795238196849823,3.0,0.2616800367832184,2,0.0,clips/horse/ES6piySS22g_30/audio.wav,clips/horse/ES6piySS22g_30/full_10s.wav
ESYEnaw77qk,13.0,horse,audioset,0.6727813482284546,4.5,0.2744441330432892,1,0.0,clips/horse/ESYEnaw77qk_13/audio.wav,clips/horse/ESYEnaw77qk_13/full_10s.wav
ESZbjBkm8Hk,30.0,horse,audioset,0.41463178396224976,6.5,0.30326399207115173,1,0.0,clips/horse/ESZbjBkm8Hk_30/audio.wav,clips/horse/ESZbjBkm8Hk_30/full_10s.wav
EWNalr_nlKQ,27.0,horse,audioset,0.437162309885025,5.5,0.28549444675445557,0,0.0,clips/horse/EWNalr_nlKQ_27/audio.wav,clips/horse/EWNalr_nlKQ_27/full_10s.wav
EWYSOr7jH08,30.0,horse,audioset+vggsound,0.8650946021080017,0.5,0.2714572846889496,9,0.0,clips/horse/EWYSOr7jH08_30/audio.wav,clips/horse/EWYSOr7jH08_30/full_10s.wav
EZEFRrnyw7k,30.0,horse,audioset,0.8137549161911011,2.5,0.27892789244651794,9,0.0,clips/horse/EZEFRrnyw7k_30/audio.wav,clips/horse/EZEFRrnyw7k_30/full_10s.wav
EZW-UA7Swh0,30.0,horse,audioset+vggsound,0.8998484015464783,3.5,0.2675801217556,0,0.0,clips/horse/EZW-UA7Swh0_30/audio.wav,clips/horse/EZW-UA7Swh0_30/full_10s.wav
EbAmPIV7z5M,30.0,horse,audioset,0.7042103409767151,0.0,0.28348249197006226,0,0.0,clips/horse/EbAmPIV7z5M_30/audio.wav,clips/horse/EbAmPIV7z5M_30/full_10s.wav
EbfnAgrcIC0,30.0,horse,audioset+vggsound,0.7349342703819275,6.5,0.2723003029823303,0,0.0,clips/horse/EbfnAgrcIC0_30/audio.wav,clips/horse/EbfnAgrcIC0_30/full_10s.wav
EcKaQ3r7bFo,30.0,horse,audioset+vggsound,0.624891996383667,0.0,0.2714511454105377,4,0.0,clips/horse/EcKaQ3r7bFo_30/audio.wav,clips/horse/EcKaQ3r7bFo_30/full_10s.wav
EcPpGz6OHMg,30.0,horse,audioset,0.9356935620307922,3.0,0.29165083169937134,9,0.0,clips/horse/EcPpGz6OHMg_30/audio.wav,clips/horse/EcPpGz6OHMg_30/full_10s.wav
EeNZHpwC_os,30.0,horse,audioset+vggsound,0.9775985479354858,1.5,0.27220338582992554,1,0.0,clips/horse/EeNZHpwC_os_30/audio.wav,clips/horse/EeNZHpwC_os_30/full_10s.wav
Ef5VNEPbte0,30.0,horse,audioset+vggsound,0.687720775604248,0.0,0.2706640660762787,0,0.0,clips/horse/Ef5VNEPbte0_30/audio.wav,clips/horse/Ef5VNEPbte0_30/full_10s.wav
EfJRRYbv-p8,21.0,horse,audioset,0.672135591506958,4.0,0.2205209881067276,2,0.0,clips/horse/EfJRRYbv-p8_21/audio.wav,clips/horse/EfJRRYbv-p8_21/full_10s.wav
EgqVnj6zLco,30.0,horse,audioset+vggsound,0.8167285919189453,2.5,0.2774341404438019,7,0.0,clips/horse/EgqVnj6zLco_30/audio.wav,clips/horse/EgqVnj6zLco_30/full_10s.wav
EhzZBuo8xt4,30.0,horse,audioset+vggsound,0.8367129564285278,0.5,0.2890544831752777,9,0.0,clips/horse/EhzZBuo8xt4_30/audio.wav,clips/horse/EhzZBuo8xt4_30/full_10s.wav
EjOyYN9_FFQ,30.0,horse,audioset+vggsound,0.9583098292350769,1.0,0.27994439005851746,0,0.0,clips/horse/EjOyYN9_FFQ_30/audio.wav,clips/horse/EjOyYN9_FFQ_30/full_10s.wav
Ejyg_Z2lXy4,30.0,horse,audioset,0.2954700291156769,3.5,0.2503865659236908,0,0.0,clips/horse/Ejyg_Z2lXy4_30/audio.wav,clips/horse/Ejyg_Z2lXy4_30/full_10s.wav
EkEGw_7TLao,7.0,horse,audioset,0.5404264330863953,5.5,0.24929483234882355,2,0.0,clips/horse/EkEGw_7TLao_7/audio.wav,clips/horse/EkEGw_7TLao_7/full_10s.wav
EkZ5KghQgfk,30.0,horse,audioset,0.8483231663703918,4.5,0.2666082978248596,7,0.0,clips/horse/EkZ5KghQgfk_30/audio.wav,clips/horse/EkZ5KghQgfk_30/full_10s.wav
ElMOoZ-4SqU,30.0,horse,audioset,0.3796313405036926,6.0,0.25183677673339844,2,0.0,clips/horse/ElMOoZ-4SqU_30/audio.wav,clips/horse/ElMOoZ-4SqU_30/full_10s.wav
EnO7UI5MQms,30.0,horse,audioset+vggsound,0.8017590641975403,3.0,0.2573578953742981,6,0.0,clips/horse/EnO7UI5MQms_30/audio.wav,clips/horse/EnO7UI5MQms_30/full_10s.wav
Epfriek6Gts,0.0,horse,audioset,0.6706317663192749,5.0,0.27048444747924805,4,0.0,clips/horse/Epfriek6Gts_0/audio.wav,clips/horse/Epfriek6Gts_0/full_10s.wav
Eqna4Z_QInA,27.0,horse,audioset,0.9024770259857178,5.0,0.26290738582611084,3,0.0,clips/horse/Eqna4Z_QInA_27/audio.wav,clips/horse/Eqna4Z_QInA_27/full_10s.wav
ErMpG5GvvwM,30.0,horse,audioset+vggsound,0.9042456150054932,6.5,0.27890637516975403,6,0.0,clips/horse/ErMpG5GvvwM_30/audio.wav,clips/horse/ErMpG5GvvwM_30/full_10s.wav
ErNxAWekhWI,30.0,horse,audioset,0.9323534965515137,4.5,0.27776816487312317,2,0.0,clips/horse/ErNxAWekhWI_30/audio.wav,clips/horse/ErNxAWekhWI_30/full_10s.wav
ErxgH5g3Kx0,30.0,horse,audioset,0.9439213275909424,2.5,0.26631516218185425,1,0.0,clips/horse/ErxgH5g3Kx0_30/audio.wav,clips/horse/ErxgH5g3Kx0_30/full_10s.wav
EsudyEtxN_8,0.0,horse,vggsound,0.8190639615058899,4.0,0.2695412039756775,9,0.0,clips/horse/EsudyEtxN_8_0/audio.wav,clips/horse/EsudyEtxN_8_0/full_10s.wav
EtO4kwcN-z0,0.0,horse,audioset,0.9165959358215332,3.0,0.26794660091400146,5,0.0,clips/horse/EtO4kwcN-z0_0/audio.wav,clips/horse/EtO4kwcN-z0_0/full_10s.wav
EuJh6cH3kcE,30.0,horse,audioset+vggsound,0.8038152456283569,6.0,0.25793513655662537,2,0.0,clips/horse/EuJh6cH3kcE_30/audio.wav,clips/horse/EuJh6cH3kcE_30/full_10s.wav
EvjxTS7JjmI,260.0,horse,audioset,0.7015465497970581,6.5,0.2755590081214905,9,0.0,clips/horse/EvjxTS7JjmI_260/audio.wav,clips/horse/EvjxTS7JjmI_260/full_10s.wav
EwPVph4ZWgg,30.0,horse,audioset,0.7373911142349243,4.5,0.2750909626483917,4,0.0,clips/horse/EwPVph4ZWgg_30/audio.wav,clips/horse/EwPVph4ZWgg_30/full_10s.wav
Ex4WY9gdsOQ,30.0,horse,audioset+vggsound,0.6064046025276184,6.0,0.2788815200328827,9,0.0,clips/horse/Ex4WY9gdsOQ_30/audio.wav,clips/horse/Ex4WY9gdsOQ_30/full_10s.wav
Ey-Cx4_tbCE,30.0,horse,audioset+vggsound,0.3042975068092346,2.5,0.28698140382766724,9,0.0,clips/horse/Ey-Cx4_tbCE_30/audio.wav,clips/horse/Ey-Cx4_tbCE_30/full_10s.wav
EzFvNrryTIQ,20.0,horse,audioset,0.7068511247634888,0.0,0.25500375032424927,9,0.0,clips/horse/EzFvNrryTIQ_20/audio.wav,clips/horse/EzFvNrryTIQ_20/full_10s.wav
EzIN9O6A388,60.0,horse,audioset,0.7509947419166565,3.0,0.2808099389076233,4,0.0,clips/horse/EzIN9O6A388_60/audio.wav,clips/horse/EzIN9O6A388_60/full_10s.wav
EzUf6u45Y2E,28.0,horse,audioset,0.9234100580215454,5.5,0.2893267273902893,7,0.0,clips/horse/EzUf6u45Y2E_28/audio.wav,clips/horse/EzUf6u45Y2E_28/full_10s.wav
F-Nba2eVPzE,30.0,horse,audioset+vggsound,0.9214079976081848,2.0,0.2677108943462372,1,0.0,clips/horse/F-Nba2eVPzE_30/audio.wav,clips/horse/F-Nba2eVPzE_30/full_10s.wav
F-uN3bhwQxg,30.0,horse,audioset,0.9714195728302002,2.0,0.2887469530105591,4,0.0,clips/horse/F-uN3bhwQxg_30/audio.wav,clips/horse/F-uN3bhwQxg_30/full_10s.wav
F3EpVThqwnA,30.0,horse,audioset+vggsound,0.955435037612915,0.0,0.2831733226776123,4,0.0,clips/horse/F3EpVThqwnA_30/audio.wav,clips/horse/F3EpVThqwnA_30/full_10s.wav
F3YTsXbLxm8,30.0,horse,audioset,0.6763861775398254,3.5,0.24427850544452667,4,0.0,clips/horse/F3YTsXbLxm8_30/audio.wav,clips/horse/F3YTsXbLxm8_30/full_10s.wav
F4vpNjgTi4k,0.0,horse,audioset+vggsound,0.8010534048080444,2.5,0.2963947057723999,0,0.0,clips/horse/F4vpNjgTi4k_0/audio.wav,clips/horse/F4vpNjgTi4k_0/full_10s.wav
F5rCgyCiIrk,30.0,horse,audioset,0.42653167247772217,6.5,0.2761474847793579,0,0.0,clips/horse/F5rCgyCiIrk_30/audio.wav,clips/horse/F5rCgyCiIrk_30/full_10s.wav
F7HeTu3m8cE,80.0,horse,audioset,0.7845274209976196,5.0,0.2694651782512665,8,0.0,clips/horse/F7HeTu3m8cE_80/audio.wav,clips/horse/F7HeTu3m8cE_80/full_10s.wav
F7R5YzXr9WM,24.0,horse,audioset,0.5398309230804443,2.5,0.2718888223171234,6,0.0,clips/horse/F7R5YzXr9WM_24/audio.wav,clips/horse/F7R5YzXr9WM_24/full_10s.wav
FAUiizMZQTA,30.0,horse,audioset+vggsound,0.9760879278182983,5.5,0.2679371237754822,0,0.0,clips/horse/FAUiizMZQTA_30/audio.wav,clips/horse/FAUiizMZQTA_30/full_10s.wav
FBVbrp2Br2E,70.0,horse,audioset,0.838879406452179,1.0,0.26320981979370117,1,0.0,clips/horse/FBVbrp2Br2E_70/audio.wav,clips/horse/FBVbrp2Br2E_70/full_10s.wav
FC-ZMj29ICQ,30.0,horse,audioset+vggsound,0.791351854801178,1.0,0.28406745195388794,7,0.0,clips/horse/FC-ZMj29ICQ_30/audio.wav,clips/horse/FC-ZMj29ICQ_30/full_10s.wav
FC_jlAcqAr8,60.0,horse,audioset,0.5950470566749573,4.5,0.28256040811538696,6,0.0,clips/horse/FC_jlAcqAr8_60/audio.wav,clips/horse/FC_jlAcqAr8_60/full_10s.wav
FDlXWJTGkvc,30.0,horse,audioset,0.3271408975124359,0.0,0.2792259752750397,7,0.0,clips/horse/FDlXWJTGkvc_30/audio.wav,clips/horse/FDlXWJTGkvc_30/full_10s.wav
FF89NsVoUts,3.0,horse,audioset+vggsound,0.7639589309692383,5.5,0.2805786728858948,9,0.0,clips/horse/FF89NsVoUts_3/audio.wav,clips/horse/FF89NsVoUts_3/full_10s.wav
FFfuenRjgfY,30.0,horse,audioset,0.5010915398597717,3.0,0.28922370076179504,9,0.0,clips/horse/FFfuenRjgfY_30/audio.wav,clips/horse/FFfuenRjgfY_30/full_10s.wav
FGCKPPryTX4,30.0,horse,audioset+vggsound,0.880226731300354,6.5,0.29378679394721985,1,0.0,clips/horse/FGCKPPryTX4_30/audio.wav,clips/horse/FGCKPPryTX4_30/full_10s.wav
FGGa61p8Ukw,30.0,horse,audioset,0.9034542441368103,3.5,0.25515180826187134,9,0.0,clips/horse/FGGa61p8Ukw_30/audio.wav,clips/horse/FGGa61p8Ukw_30/full_10s.wav
FLbA1Xlt0bQ,15.0,horse,audioset,0.9078737497329712,0.0,0.27181100845336914,4,0.0,clips/horse/FLbA1Xlt0bQ_15/audio.wav,clips/horse/FLbA1Xlt0bQ_15/full_10s.wav
FLxPipVfiW4,30.0,horse,audioset,0.5272606611251831,5.5,0.27086010575294495,6,0.0,clips/horse/FLxPipVfiW4_30/audio.wav,clips/horse/FLxPipVfiW4_30/full_10s.wav
FMAMnZ3_goc,60.0,horse,audioset,0.7802191972732544,6.5,0.2767185568809509,8,0.0,clips/horse/FMAMnZ3_goc_60/audio.wav,clips/horse/FMAMnZ3_goc_60/full_10s.wav
FO0nFGUAIZQ,8.0,horse,audioset+vggsound,0.6266834735870361,4.0,0.2799634337425232,8,0.0,clips/horse/FO0nFGUAIZQ_8/audio.wav,clips/horse/FO0nFGUAIZQ_8/full_10s.wav
FQbKYrQ3V4A,80.0,horse,audioset,0.7193921804428101,1.0,0.27337002754211426,8,0.0,clips/horse/FQbKYrQ3V4A_80/audio.wav,clips/horse/FQbKYrQ3V4A_80/full_10s.wav
FUqLbKLM9xo,26.0,horse,audioset,0.3107239305973053,6.0,0.27155837416648865,6,0.0,clips/horse/FUqLbKLM9xo_26/audio.wav,clips/horse/FUqLbKLM9xo_26/full_10s.wav
FVjnST-ES88,210.0,horse,audioset,0.49951767921447754,6.0,0.2668337821960449,6,0.0,clips/horse/FVjnST-ES88_210/audio.wav,clips/horse/FVjnST-ES88_210/full_10s.wav
FXzP5bUz-Lo,17.0,horse,audioset+vggsound,0.5607773661613464,0.5,0.28091466426849365,0,0.0,clips/horse/FXzP5bUz-Lo_17/audio.wav,clips/horse/FXzP5bUz-Lo_17/full_10s.wav
FaSgZW6fXk0,30.0,horse,audioset,0.7609463334083557,6.0,0.2778061032295227,2,0.0,clips/horse/FaSgZW6fXk0_30/audio.wav,clips/horse/FaSgZW6fXk0_30/full_10s.wav
Fdmeo7qIDI0,490.0,horse,audioset,0.9180442094802856,6.5,0.2636698782444,2,0.0,clips/horse/Fdmeo7qIDI0_490/audio.wav,clips/horse/Fdmeo7qIDI0_490/full_10s.wav
Q5VtepydA1c,30.0,horse,audioset,0.6103116273880005,0.0,0.26412639021873474,8,0.0,clips/horse/Q5VtepydA1c_30/audio.wav,clips/horse/Q5VtepydA1c_30/full_10s.wav
vHhj84w261A,20.0,horse,audioset,0.5851801037788391,2.5,0.3071610927581787,3,0.0,clips/horse/vHhj84w261A_20/audio.wav,clips/horse/vHhj84w261A_20/full_10s.wav
--x6LTwa-k8,0.0,sheep,audioset,0.7593555450439453,2.5,0.26028695702552795,1,0.0,clips/sheep/--x6LTwa-k8_0/audio.wav,clips/sheep/--x6LTwa-k8_0/full_10s.wav
-0aWyed1HUA,90.0,sheep,audioset,0.25664326548576355,0.5,0.27442729473114014,8,0.0,clips/sheep/-0aWyed1HUA_90/audio.wav,clips/sheep/-0aWyed1HUA_90/full_10s.wav
-32R7lVBhoI,30.0,sheep,audioset+vggsound,0.5634081959724426,3.0,0.30119121074676514,3,0.0,clips/sheep/-32R7lVBhoI_30/audio.wav,clips/sheep/-32R7lVBhoI_30/full_10s.wav
-3mXuQ3qGdo,35.0,sheep,vggsound,0.7369764447212219,4.5,0.26451441645622253,5,0.0,clips/sheep/-3mXuQ3qGdo_35/audio.wav,clips/sheep/-3mXuQ3qGdo_35/full_10s.wav
-3mXuQ3qGdo,45.0,sheep,vggsound,0.6685087084770203,2.0,0.26356041431427,3,0.0,clips/sheep/-3mXuQ3qGdo_45/audio.wav,clips/sheep/-3mXuQ3qGdo_45/full_10s.wav
-5Vzl5XrIMc,20.0,sheep,audioset,0.49013033509254456,0.5,0.2711842954158783,2,0.0,clips/sheep/-5Vzl5XrIMc_20/audio.wav,clips/sheep/-5Vzl5XrIMc_20/full_10s.wav
-78SgLvt7_k,30.0,sheep,audioset+vggsound,0.8203520774841309,6.5,0.30048808455467224,0,0.0,clips/sheep/-78SgLvt7_k_30/audio.wav,clips/sheep/-78SgLvt7_k_30/full_10s.wav
-9uphWeIyj8,6.0,sheep,audioset,0.5817588567733765,1.0,0.22489745914936066,5,0.0,clips/sheep/-9uphWeIyj8_6/audio.wav,clips/sheep/-9uphWeIyj8_6/full_10s.wav
-EBo59LgyNA,8.0,sheep,audioset,0.7513244152069092,3.5,0.31389302015304565,3,0.0,clips/sheep/-EBo59LgyNA_8/audio.wav,clips/sheep/-EBo59LgyNA_8/full_10s.wav
-ExI4i-1UV4,30.0,sheep,audioset,0.80429607629776,2.0,0.27259933948516846,5,0.0,clips/sheep/-ExI4i-1UV4_30/audio.wav,clips/sheep/-ExI4i-1UV4_30/full_10s.wav
-NCMbWwOE6M,9.0,sheep,audioset,0.7847155928611755,3.0,0.2907724976539612,4,0.0,clips/sheep/-NCMbWwOE6M_9/audio.wav,clips/sheep/-NCMbWwOE6M_9/full_10s.wav
-NScoOFxgBA,27.0,sheep,audioset,0.779829740524292,5.5,0.28147780895233154,6,0.0,clips/sheep/-NScoOFxgBA_27/audio.wav,clips/sheep/-NScoOFxgBA_27/full_10s.wav
-Q1yBDm5xvc,24.0,sheep,audioset+vggsound,0.8567246198654175,0.0,0.28927701711654663,8,0.0,clips/sheep/-Q1yBDm5xvc_24/audio.wav,clips/sheep/-Q1yBDm5xvc_24/full_10s.wav
-QiRG_vliUg,5.0,sheep,vggsound,0.6488669514656067,4.0,0.32016071677207947,6,0.0,clips/sheep/-QiRG_vliUg_5/audio.wav,clips/sheep/-QiRG_vliUg_5/full_10s.wav
-T2U9mAuyEo,50.0,sheep,audioset,0.6551342606544495,0.0,0.26490283012390137,9,0.0,clips/sheep/-T2U9mAuyEo_50/audio.wav,clips/sheep/-T2U9mAuyEo_50/full_10s.wav
-URzO1H3bs8,30.0,sheep,audioset+vggsound,0.6181249618530273,4.0,0.23975315690040588,8,0.0,clips/sheep/-URzO1H3bs8_30/audio.wav,clips/sheep/-URzO1H3bs8_30/full_10s.wav
-duS1VWLQOM,80.0,sheep,audioset,0.41772931814193726,3.5,0.2663964629173279,7,0.0,clips/sheep/-duS1VWLQOM_80/audio.wav,clips/sheep/-duS1VWLQOM_80/full_10s.wav
-iFyO9vgEKk,5.0,sheep,audioset,0.7507753372192383,5.5,0.29874926805496216,4,0.0,clips/sheep/-iFyO9vgEKk_5/audio.wav,clips/sheep/-iFyO9vgEKk_5/full_10s.wav
-kWZg6wJj-o,0.0,sheep,audioset,0.6852655410766602,6.5,0.29247939586639404,7,0.0,clips/sheep/-kWZg6wJj-o_0/audio.wav,clips/sheep/-kWZg6wJj-o_0/full_10s.wav
-o5IiTV6RGg,30.0,sheep,audioset,0.6166242361068726,3.5,0.24941715598106384,6,0.0,clips/sheep/-o5IiTV6RGg_30/audio.wav,clips/sheep/-o5IiTV6RGg_30/full_10s.wav
-sBYMUKCexQ,30.0,sheep,audioset,0.6993786096572876,0.5,0.25714975595474243,4,0.0,clips/sheep/-sBYMUKCexQ_30/audio.wav,clips/sheep/-sBYMUKCexQ_30/full_10s.wav
-xAV5gE5YjI,30.0,sheep,audioset,0.336828351020813,6.5,0.26793593168258667,0,0.0,clips/sheep/-xAV5gE5YjI_30/audio.wav,clips/sheep/-xAV5gE5YjI_30/full_10s.wav
-yH85qetWBg,80.0,sheep,audioset,0.7062806487083435,6.5,0.28482216596603394,3,0.0,clips/sheep/-yH85qetWBg_80/audio.wav,clips/sheep/-yH85qetWBg_80/full_10s.wav
0-YdyW9HKQE,30.0,sheep,audioset,0.5724996328353882,6.5,0.28884199261665344,7,0.0,clips/sheep/0-YdyW9HKQE_30/audio.wav,clips/sheep/0-YdyW9HKQE_30/full_10s.wav
01TCDVlMtD0,6.0,sheep,audioset+vggsound,0.795476496219635,2.0,0.272481769323349,6,0.0,clips/sheep/01TCDVlMtD0_6/audio.wav,clips/sheep/01TCDVlMtD0_6/full_10s.wav
01zXEIfpVqQ,30.0,sheep,audioset,0.6890943050384521,2.0,0.26399916410446167,0,0.0,clips/sheep/01zXEIfpVqQ_30/audio.wav,clips/sheep/01zXEIfpVqQ_30/full_10s.wav
06AK0of_U0Q,90.0,sheep,audioset,0.5124793648719788,6.5,0.2790940999984741,9,0.0,clips/sheep/06AK0of_U0Q_90/audio.wav,clips/sheep/06AK0of_U0Q_90/full_10s.wav
06Gir8oktqE,30.0,sheep,audioset,0.647801399230957,0.5,0.2314223349094391,6,0.0,clips/sheep/06Gir8oktqE_30/audio.wav,clips/sheep/06Gir8oktqE_30/full_10s.wav
0Hr4NeiUvQA,100.0,sheep,audioset,0.6123160719871521,0.5,0.303505003452301,3,0.0,clips/sheep/0Hr4NeiUvQA_100/audio.wav,clips/sheep/0Hr4NeiUvQA_100/full_10s.wav
0O2Ua-7Ti3Q,160.0,sheep,audioset,0.5869091153144836,4.5,0.27555757761001587,0,0.0,clips/sheep/0O2Ua-7Ti3Q_160/audio.wav,clips/sheep/0O2Ua-7Ti3Q_160/full_10s.wav
0OxlgIitVig,30.0,sheep,audioset,0.48871687054634094,1.5,0.2517339587211609,2,0.0,clips/sheep/0OxlgIitVig_30/audio.wav,clips/sheep/0OxlgIitVig_30/full_10s.wav
0QS3EB2dl6s,130.0,sheep,audioset,0.5692876577377319,6.5,0.30283263325691223,7,0.0,clips/sheep/0QS3EB2dl6s_130/audio.wav,clips/sheep/0QS3EB2dl6s_130/full_10s.wav
0QsUXt_NCJk,18.0,sheep,audioset,0.7573486566543579,2.5,0.2788180708885193,0,0.0,clips/sheep/0QsUXt_NCJk_18/audio.wav,clips/sheep/0QsUXt_NCJk_18/full_10s.wav
0RwAenN8srA,21.0,sheep,audioset,0.7391085624694824,5.5,0.30987757444381714,6,0.0,clips/sheep/0RwAenN8srA_21/audio.wav,clips/sheep/0RwAenN8srA_21/full_10s.wav
0TvxfC413RI,4.0,sheep,vggsound,0.6742411851882935,6.0,0.2680927813053131,0,0.0,clips/sheep/0TvxfC413RI_4/audio.wav,clips/sheep/0TvxfC413RI_4/full_10s.wav
0Z5OqeCEWbU,230.0,sheep,audioset,0.8799343705177307,6.5,0.27134963870048523,6,0.0,clips/sheep/0Z5OqeCEWbU_230/audio.wav,clips/sheep/0Z5OqeCEWbU_230/full_10s.wav
0aoLIWegrdE,30.0,sheep,audioset+vggsound,0.4932236671447754,0.0,0.26237574219703674,3,0.0,clips/sheep/0aoLIWegrdE_30/audio.wav,clips/sheep/0aoLIWegrdE_30/full_10s.wav
0bStICC7mUI,400.0,sheep,audioset,0.765033483505249,1.0,0.28899338841438293,1,0.0,clips/sheep/0bStICC7mUI_400/audio.wav,clips/sheep/0bStICC7mUI_400/full_10s.wav
0c_zFIRXgok,28.0,sheep,audioset+vggsound,0.7217725515365601,2.0,0.2991877794265747,0,0.0,clips/sheep/0c_zFIRXgok_28/audio.wav,clips/sheep/0c_zFIRXgok_28/full_10s.wav
0fTwdhslb6E,1.0,sheep,vggsound,0.5699217915534973,0.0,0.291675329208374,9,0.0,clips/sheep/0fTwdhslb6E_1/audio.wav,clips/sheep/0fTwdhslb6E_1/full_10s.wav
0fTwdhslb6E,22.0,sheep,vggsound,0.610340416431427,4.0,0.3040615916252136,9,0.0,clips/sheep/0fTwdhslb6E_22/audio.wav,clips/sheep/0fTwdhslb6E_22/full_10s.wav
0luWbsjyv4k,30.0,sheep,audioset,0.4571441411972046,0.5,0.22180122137069702,9,0.0,clips/sheep/0luWbsjyv4k_30/audio.wav,clips/sheep/0luWbsjyv4k_30/full_10s.wav
0qQbp_59VdU,40.0,sheep,audioset,0.3092547357082367,6.0,0.2710469663143158,4,0.0,clips/sheep/0qQbp_59VdU_40/audio.wav,clips/sheep/0qQbp_59VdU_40/full_10s.wav
0r0HbdvJG_0,30.0,sheep,audioset,0.5278151035308838,6.5,0.2660819888114929,7,0.0,clips/sheep/0r0HbdvJG_0_30/audio.wav,clips/sheep/0r0HbdvJG_0_30/full_10s.wav
0vJ9IdwDZgI,30.0,sheep,audioset+vggsound,0.45483148097991943,6.5,0.2658851742744446,7,0.0,clips/sheep/0vJ9IdwDZgI_30/audio.wav,clips/sheep/0vJ9IdwDZgI_30/full_10s.wav
0y2VT-HH1Q8,30.0,sheep,audioset,0.775563657283783,6.5,0.2451859563589096,7,0.0,clips/sheep/0y2VT-HH1Q8_30/audio.wav,clips/sheep/0y2VT-HH1Q8_30/full_10s.wav
0yMbL9yoJSU,27.0,sheep,audioset,0.3288940191268921,5.0,0.29564741253852844,8,0.0,clips/sheep/0yMbL9yoJSU_27/audio.wav,clips/sheep/0yMbL9yoJSU_27/full_10s.wav
15b8RwQ88CQ,10.0,sheep,audioset,0.7113637924194336,3.5,0.29085102677345276,2,0.0,clips/sheep/15b8RwQ88CQ_10/audio.wav,clips/sheep/15b8RwQ88CQ_10/full_10s.wav
1BvR4ErtZdw,190.0,sheep,audioset,0.6886709332466125,6.5,0.24376942217350006,8,0.0,clips/sheep/1BvR4ErtZdw_190/audio.wav,clips/sheep/1BvR4ErtZdw_190/full_10s.wav
1DqCNuc9OFg,21.0,sheep,audioset+vggsound,0.7531812191009521,3.0,0.2896776795387268,6,0.0,clips/sheep/1DqCNuc9OFg_21/audio.wav,clips/sheep/1DqCNuc9OFg_21/full_10s.wav
1GnoMbSxtPY,20.0,sheep,audioset,0.6341460347175598,5.0,0.23352037370204926,9,0.0,clips/sheep/1GnoMbSxtPY_20/audio.wav,clips/sheep/1GnoMbSxtPY_20/full_10s.wav
1IX20My7Itw,30.0,sheep,audioset,0.7550243735313416,1.0,0.2315281629562378,6,0.0,clips/sheep/1IX20My7Itw_30/audio.wav,clips/sheep/1IX20My7Itw_30/full_10s.wav
1Iultxi4jOU,30.0,sheep,audioset,0.8217013478279114,4.5,0.23733416199684143,8,0.0,clips/sheep/1Iultxi4jOU_30/audio.wav,clips/sheep/1Iultxi4jOU_30/full_10s.wav
1JeKP8cp2s8,9.0,sheep,audioset,0.554480791091919,3.0,0.2243448793888092,8,0.0,clips/sheep/1JeKP8cp2s8_9/audio.wav,clips/sheep/1JeKP8cp2s8_9/full_10s.wav
1LSmPtw0dZE,20.0,sheep,audioset,0.7119321227073669,6.5,0.2958066463470459,6,0.0,clips/sheep/1LSmPtw0dZE_20/audio.wav,clips/sheep/1LSmPtw0dZE_20/full_10s.wav
1LYUAu0AC3Y,17.0,sheep,audioset,0.5482778549194336,3.5,0.26080000400543213,0,0.0,clips/sheep/1LYUAu0AC3Y_17/audio.wav,clips/sheep/1LYUAu0AC3Y_17/full_10s.wav
1M8tMjg1UAY,0.0,sheep,audioset,0.6566149592399597,2.0,0.28750717639923096,6,0.0,clips/sheep/1M8tMjg1UAY_0/audio.wav,clips/sheep/1M8tMjg1UAY_0/full_10s.wav
1MKZtal2MVo,70.0,sheep,audioset,0.5547215342521667,5.0,0.28765860199928284,6,0.0,clips/sheep/1MKZtal2MVo_70/audio.wav,clips/sheep/1MKZtal2MVo_70/full_10s.wav
1NEQQ_yGEjc,0.0,sheep,audioset,0.6681302785873413,3.0,0.24467343091964722,2,0.0,clips/sheep/1NEQQ_yGEjc_0/audio.wav,clips/sheep/1NEQQ_yGEjc_0/full_10s.wav
1OsbSULAPeY,0.0,sheep,audioset,0.7349835634231567,3.5,0.3188472390174866,2,0.0,clips/sheep/1OsbSULAPeY_0/audio.wav,clips/sheep/1OsbSULAPeY_0/full_10s.wav
1SMerEFcw_E,170.0,sheep,vggsound,0.314043253660202,0.0,0.2713501453399658,3,0.0,clips/sheep/1SMerEFcw_E_170/audio.wav,clips/sheep/1SMerEFcw_E_170/full_10s.wav
1TWXZlXvLLw,150.0,sheep,audioset,0.5761806964874268,2.5,0.2832472324371338,1,0.0,clips/sheep/1TWXZlXvLLw_150/audio.wav,clips/sheep/1TWXZlXvLLw_150/full_10s.wav
1UEM4mv_fSw,0.0,sheep,audioset,0.35811132192611694,2.5,0.2971882224082947,6,0.0,clips/sheep/1UEM4mv_fSw_0/audio.wav,clips/sheep/1UEM4mv_fSw_0/full_10s.wav
1ZQq9YthK8I,30.0,sheep,audioset+vggsound,0.734200119972229,0.0,0.29662400484085083,3,0.0,clips/sheep/1ZQq9YthK8I_30/audio.wav,clips/sheep/1ZQq9YthK8I_30/full_10s.wav
1_A742sRonE,50.0,sheep,audioset,0.6604135036468506,6.5,0.22947753965854645,0,0.0,clips/sheep/1_A742sRonE_50/audio.wav,clips/sheep/1_A742sRonE_50/full_10s.wav
1_cD8Vbwpqw,30.0,sheep,audioset,0.5989078283309937,2.0,0.3078058660030365,8,0.0,clips/sheep/1_cD8Vbwpqw_30/audio.wav,clips/sheep/1_cD8Vbwpqw_30/full_10s.wav
1aJnBgQfusU,30.0,sheep,audioset,0.8464739918708801,0.0,0.2229381948709488,4,0.0,clips/sheep/1aJnBgQfusU_30/audio.wav,clips/sheep/1aJnBgQfusU_30/full_10s.wav
1bGr2lWrQRo,40.0,sheep,audioset,0.7798781991004944,6.5,0.2992638945579529,6,0.0,clips/sheep/1bGr2lWrQRo_40/audio.wav,clips/sheep/1bGr2lWrQRo_40/full_10s.wav
1jUDFb3kBFs,350.0,sheep,audioset,0.6706675291061401,0.0,0.2839176058769226,9,0.0,clips/sheep/1jUDFb3kBFs_350/audio.wav,clips/sheep/1jUDFb3kBFs_350/full_10s.wav
1kepW0adpbc,50.0,sheep,audioset,0.6376944780349731,6.5,0.2677570581436157,0,0.0,clips/sheep/1kepW0adpbc_50/audio.wav,clips/sheep/1kepW0adpbc_50/full_10s.wav
1qxzqyqw1EQ,30.0,sheep,audioset,0.4753495752811432,6.5,0.23927852511405945,2,0.0,clips/sheep/1qxzqyqw1EQ_30/audio.wav,clips/sheep/1qxzqyqw1EQ_30/full_10s.wav
1r4uVu5hqqM,30.0,sheep,audioset,0.42097756266593933,6.0,0.24663420021533966,8,0.0,clips/sheep/1r4uVu5hqqM_30/audio.wav,clips/sheep/1r4uVu5hqqM_30/full_10s.wav
2-wWAO_ghP8,7.0,sheep,audioset,0.7424076199531555,5.5,0.25897905230522156,3,0.0,clips/sheep/2-wWAO_ghP8_7/audio.wav,clips/sheep/2-wWAO_ghP8_7/full_10s.wav
21prNJHMIjQ,30.0,sheep,audioset,0.6735433340072632,0.5,0.275234580039978,1,0.0,clips/sheep/21prNJHMIjQ_30/audio.wav,clips/sheep/21prNJHMIjQ_30/full_10s.wav
21u8CsPMWsw,17.0,sheep,vggsound,0.697019100189209,4.0,0.32001885771751404,1,0.0,clips/sheep/21u8CsPMWsw_17/audio.wav,clips/sheep/21u8CsPMWsw_17/full_10s.wav
21u8CsPMWsw,6.0,sheep,vggsound,0.7043684720993042,1.0,0.31818529963493347,5,0.0,clips/sheep/21u8CsPMWsw_6/audio.wav,clips/sheep/21u8CsPMWsw_6/full_10s.wav
246QUYcHGuU,30.0,sheep,audioset+vggsound,0.44732141494750977,2.5,0.2553828954696655,5,0.0,clips/sheep/246QUYcHGuU_30/audio.wav,clips/sheep/246QUYcHGuU_30/full_10s.wav
25WtH9QAVbA,9.0,sheep,audioset+vggsound,0.7641588449478149,5.0,0.29308465123176575,4,0.0,clips/sheep/25WtH9QAVbA_9/audio.wav,clips/sheep/25WtH9QAVbA_9/full_10s.wav
2JvssWFor7s,30.0,sheep,audioset+vggsound,0.6236796975135803,3.0,0.28050675988197327,4,0.0,clips/sheep/2JvssWFor7s_30/audio.wav,clips/sheep/2JvssWFor7s_30/full_10s.wav
2MjbMAZhBHI,18.0,sheep,audioset+vggsound,0.35719069838523865,6.0,0.2609638571739197,6,0.0,clips/sheep/2MjbMAZhBHI_18/audio.wav,clips/sheep/2MjbMAZhBHI_18/full_10s.wav
2OoOlYNyK3s,30.0,sheep,audioset,0.659450113773346,3.5,0.2711496353149414,2,0.0,clips/sheep/2OoOlYNyK3s_30/audio.wav,clips/sheep/2OoOlYNyK3s_30/full_10s.wav
2Ow9Zz3AKqg,10.0,sheep,audioset,0.5340679883956909,6.5,0.3029133677482605,6,0.0,clips/sheep/2Ow9Zz3AKqg_10/audio.wav,clips/sheep/2Ow9Zz3AKqg_10/full_10s.wav
2PUAwkI9CWA,30.0,sheep,audioset,0.6825017333030701,1.0,0.23644818365573883,6,0.0,clips/sheep/2PUAwkI9CWA_30/audio.wav,clips/sheep/2PUAwkI9CWA_30/full_10s.wav
2REMfqgV5gk,100.0,sheep,audioset,0.8647639155387878,0.0,0.28664320707321167,0,0.0,clips/sheep/2REMfqgV5gk_100/audio.wav,clips/sheep/2REMfqgV5gk_100/full_10s.wav
2RdKRAD5UZc,30.0,sheep,audioset,0.8096449375152588,6.0,0.2751871943473816,6,0.0,clips/sheep/2RdKRAD5UZc_30/audio.wav,clips/sheep/2RdKRAD5UZc_30/full_10s.wav
2RnDahQdQJ0,30.0,sheep,audioset,0.643440842628479,6.0,0.24780209362506866,1,0.0,clips/sheep/2RnDahQdQJ0_30/audio.wav,clips/sheep/2RnDahQdQJ0_30/full_10s.wav
2Uz5aN8199g,21.0,sheep,audioset+vggsound,0.4465467631816864,1.5,0.2606719434261322,1,0.0,clips/sheep/2Uz5aN8199g_21/audio.wav,clips/sheep/2Uz5aN8199g_21/full_10s.wav
2YosIMT6iBk,1.0,sheep,audioset,0.4356187880039215,1.0,0.26306408643722534,6,0.0,clips/sheep/2YosIMT6iBk_1/audio.wav,clips/sheep/2YosIMT6iBk_1/full_10s.wav
2bqB9KdkTGw,80.0,sheep,audioset,0.5787309408187866,5.0,0.28050199151039124,7,0.0,clips/sheep/2bqB9KdkTGw_80/audio.wav,clips/sheep/2bqB9KdkTGw_80/full_10s.wav
2hq5b-V_ifs,30.0,sheep,audioset,0.4209904074668884,1.5,0.26740312576293945,4,0.0,clips/sheep/2hq5b-V_ifs_30/audio.wav,clips/sheep/2hq5b-V_ifs_30/full_10s.wav
2j1Zs476kyA,30.0,sheep,audioset,0.7371456027030945,2.0,0.3036345839500427,4,0.0,clips/sheep/2j1Zs476kyA_30/audio.wav,clips/sheep/2j1Zs476kyA_30/full_10s.wav
2qbHGI9HbfY,40.0,sheep,audioset,0.7360462546348572,4.5,0.2862549126148224,6,0.0,clips/sheep/2qbHGI9HbfY_40/audio.wav,clips/sheep/2qbHGI9HbfY_40/full_10s.wav
2sZNZ32gRuY,11.0,sheep,vggsound,0.5397235751152039,6.5,0.29907360672950745,8,0.0,clips/sheep/2sZNZ32gRuY_11/audio.wav,clips/sheep/2sZNZ32gRuY_11/full_10s.wav
2uM6jbPWCgU,180.0,sheep,audioset,0.6728150248527527,1.0,0.27882498502731323,5,0.0,clips/sheep/2uM6jbPWCgU_180/audio.wav,clips/sheep/2uM6jbPWCgU_180/full_10s.wav
2xUrAzkS4NQ,30.0,sheep,audioset,0.5632992386817932,0.5,0.29719409346580505,3,0.0,clips/sheep/2xUrAzkS4NQ_30/audio.wav,clips/sheep/2xUrAzkS4NQ_30/full_10s.wav
2y-DUd97_P8,110.0,sheep,audioset,0.4743461012840271,2.5,0.2455434948205948,1,0.0,clips/sheep/2y-DUd97_P8_110/audio.wav,clips/sheep/2y-DUd97_P8_110/full_10s.wav
2ydDFNKz-As,17.0,sheep,audioset,0.5893123745918274,0.5,0.2725764513015747,2,0.0,clips/sheep/2ydDFNKz-As_17/audio.wav,clips/sheep/2ydDFNKz-As_17/full_10s.wav
30lwNFfwwjU,30.0,sheep,audioset,0.7041915655136108,5.0,0.24102796614170074,8,0.0,clips/sheep/30lwNFfwwjU_30/audio.wav,clips/sheep/30lwNFfwwjU_30/full_10s.wav
30pFiprB7oc,30.0,sheep,audioset+vggsound,0.4152791500091553,2.0,0.2205091118812561,1,0.0,clips/sheep/30pFiprB7oc_30/audio.wav,clips/sheep/30pFiprB7oc_30/full_10s.wav
31Yl61CS8V8,50.0,sheep,audioset,0.7788840532302856,5.0,0.26447826623916626,9,0.0,clips/sheep/31Yl61CS8V8_50/audio.wav,clips/sheep/31Yl61CS8V8_50/full_10s.wav
32f7FdCLKSY,30.0,sheep,audioset+vggsound,0.721306324005127,6.0,0.29477226734161377,7,0.0,clips/sheep/32f7FdCLKSY_30/audio.wav,clips/sheep/32f7FdCLKSY_30/full_10s.wav
33hajppi4yg,46.0,sheep,vggsound,0.844508707523346,0.0,0.30195605754852295,5,0.0,clips/sheep/33hajppi4yg_46/audio.wav,clips/sheep/33hajppi4yg_46/full_10s.wav
3545mc7pZzI,30.0,sheep,audioset,0.7732867002487183,1.5,0.22576290369033813,8,0.0,clips/sheep/3545mc7pZzI_30/audio.wav,clips/sheep/3545mc7pZzI_30/full_10s.wav
371RRUzwz00,21.0,sheep,audioset+vggsound,0.6779966950416565,1.5,0.3200731873512268,8,0.0,clips/sheep/371RRUzwz00_21/audio.wav,clips/sheep/371RRUzwz00_21/full_10s.wav
3C8rRgAgeTs,30.0,sheep,audioset,0.6758721470832825,1.0,0.25319987535476685,0,0.0,clips/sheep/3C8rRgAgeTs_30/audio.wav,clips/sheep/3C8rRgAgeTs_30/full_10s.wav
3DuzPlwS_74,510.0,sheep,audioset,0.3453183174133301,1.0,0.2281794548034668,5,0.0,clips/sheep/3DuzPlwS_74_510/audio.wav,clips/sheep/3DuzPlwS_74_510/full_10s.wav
3Fknck43EVg,30.0,sheep,audioset,0.4850751459598541,0.0,0.25119736790657043,9,0.0,clips/sheep/3Fknck43EVg_30/audio.wav,clips/sheep/3Fknck43EVg_30/full_10s.wav
3H3261x-QgI,30.0,sheep,audioset,0.4375883936882019,6.5,0.2745729088783264,1,0.0,clips/sheep/3H3261x-QgI_30/audio.wav,clips/sheep/3H3261x-QgI_30/full_10s.wav
3HWPFggX4KA,80.0,sheep,audioset,0.8812887072563171,4.0,0.29795220494270325,7,0.0,clips/sheep/3HWPFggX4KA_80/audio.wav,clips/sheep/3HWPFggX4KA_80/full_10s.wav
3Jfy_5WCkzM,19.0,sheep,audioset,0.4171222150325775,2.5,0.29167380928993225,2,0.0,clips/sheep/3Jfy_5WCkzM_19/audio.wav,clips/sheep/3Jfy_5WCkzM_19/full_10s.wav
3MqISwb01-0,20.0,sheep,audioset,0.5447497367858887,6.5,0.2829888164997101,2,0.0,clips/sheep/3MqISwb01-0_20/audio.wav,clips/sheep/3MqISwb01-0_20/full_10s.wav
3RtT-gstOp0,20.0,sheep,audioset,0.7003005743026733,0.0,0.2920648157596588,3,0.0,clips/sheep/3RtT-gstOp0_20/audio.wav,clips/sheep/3RtT-gstOp0_20/full_10s.wav
3VoGxfa54y4,108.0,sheep,vggsound,0.6829816699028015,0.5,0.2967267632484436,1,0.0,clips/sheep/3VoGxfa54y4_108/audio.wav,clips/sheep/3VoGxfa54y4_108/full_10s.wav
3VoGxfa54y4,92.0,sheep,vggsound,0.5719972252845764,1.0,0.29107803106307983,8,0.0,clips/sheep/3VoGxfa54y4_92/audio.wav,clips/sheep/3VoGxfa54y4_92/full_10s.wav
3cIhSuNAzYI,241.0,sheep,vggsound,0.7135656476020813,6.0,0.30548474192619324,9,0.0,clips/sheep/3cIhSuNAzYI_241/audio.wav,clips/sheep/3cIhSuNAzYI_241/full_10s.wav
3cIhSuNAzYI,517.0,sheep,vggsound,0.713426411151886,6.0,0.29514339566230774,7,0.0,clips/sheep/3cIhSuNAzYI_517/audio.wav,clips/sheep/3cIhSuNAzYI_517/full_10s.wav
3d3N7cs4-zg,13.0,sheep,audioset,0.859292209148407,2.0,0.28133711218833923,8,0.0,clips/sheep/3d3N7cs4-zg_13/audio.wav,clips/sheep/3d3N7cs4-zg_13/full_10s.wav
3eBIEV1Du-g,12.0,sheep,audioset,0.36837753653526306,2.5,0.27734053134918213,5,0.0,clips/sheep/3eBIEV1Du-g_12/audio.wav,clips/sheep/3eBIEV1Du-g_12/full_10s.wav
3elu8-LiRes,0.0,sheep,audioset+vggsound,0.7551079988479614,3.5,0.2876838743686676,0,0.0,clips/sheep/3elu8-LiRes_0/audio.wav,clips/sheep/3elu8-LiRes_0/full_10s.wav
3euuWBuunC0,30.0,sheep,audioset,0.4503614008426666,0.5,0.26704296469688416,9,0.0,clips/sheep/3euuWBuunC0_30/audio.wav,clips/sheep/3euuWBuunC0_30/full_10s.wav
3hoXZ-CwsaY,30.0,sheep,audioset,0.6316348910331726,3.5,0.25801604986190796,0,0.0,clips/sheep/3hoXZ-CwsaY_30/audio.wav,clips/sheep/3hoXZ-CwsaY_30/full_10s.wav
3povMgGZ3Ng,0.0,sheep,audioset,0.5504976511001587,0.0,0.2914155125617981,0,0.0,clips/sheep/3povMgGZ3Ng_0/audio.wav,clips/sheep/3povMgGZ3Ng_0/full_10s.wav
3q5eb-iSmJg,30.0,sheep,audioset,0.47555604577064514,4.5,0.24909813702106476,6,0.0,clips/sheep/3q5eb-iSmJg_30/audio.wav,clips/sheep/3q5eb-iSmJg_30/full_10s.wav
3x9WnpPeenw,20.0,sheep,audioset,0.5415367484092712,0.0,0.2745633125305176,7,0.0,clips/sheep/3x9WnpPeenw_20/audio.wav,clips/sheep/3x9WnpPeenw_20/full_10s.wav
45zgje82OKs,30.0,sheep,audioset+vggsound,0.6285325884819031,0.5,0.2728954255580902,3,0.0,clips/sheep/45zgje82OKs_30/audio.wav,clips/sheep/45zgje82OKs_30/full_10s.wav
4Azd-Ukrzdk,40.0,sheep,audioset,0.8233003616333008,6.5,0.2755621075630188,0,0.0,clips/sheep/4Azd-Ukrzdk_40/audio.wav,clips/sheep/4Azd-Ukrzdk_40/full_10s.wav
4Dnjbu2TEB4,30.0,sheep,audioset,0.6171466112136841,0.0,0.22572673857212067,8,0.0,clips/sheep/4Dnjbu2TEB4_30/audio.wav,clips/sheep/4Dnjbu2TEB4_30/full_10s.wav
4FxgeUiP2mc,30.0,sheep,audioset,0.4871503412723541,1.5,0.22920486330986023,8,0.0,clips/sheep/4FxgeUiP2mc_30/audio.wav,clips/sheep/4FxgeUiP2mc_30/full_10s.wav
4NITsKcjZ2Y,30.0,sheep,audioset,0.8075352311134338,0.5,0.2529890537261963,0,0.0,clips/sheep/4NITsKcjZ2Y_30/audio.wav,clips/sheep/4NITsKcjZ2Y_30/full_10s.wav
4Naa5G-Bg6Y,30.0,sheep,audioset,0.3057807683944702,6.5,0.2801591455936432,5,0.0,clips/sheep/4Naa5G-Bg6Y_30/audio.wav,clips/sheep/4Naa5G-Bg6Y_30/full_10s.wav
4SDbvMqY20k,30.0,sheep,audioset+vggsound,0.5027680397033691,4.5,0.24709433317184448,0,0.0,clips/sheep/4SDbvMqY20k_30/audio.wav,clips/sheep/4SDbvMqY20k_30/full_10s.wav
4XP71DNz_WM,30.0,sheep,audioset,0.6563277840614319,0.0,0.24268272519111633,8,0.0,clips/sheep/4XP71DNz_WM_30/audio.wav,clips/sheep/4XP71DNz_WM_30/full_10s.wav
4YHjIWfu8aM,100.0,sheep,audioset,0.7231826186180115,5.5,0.2723855674266815,4,0.0,clips/sheep/4YHjIWfu8aM_100/audio.wav,clips/sheep/4YHjIWfu8aM_100/full_10s.wav
4Zzqkyn-_0s,75.0,sheep,vggsound,0.8556721210479736,0.0,0.2508108913898468,9,0.0,clips/sheep/4Zzqkyn-_0s_75/audio.wav,clips/sheep/4Zzqkyn-_0s_75/full_10s.wav
4_5iy2IFUq4,30.0,sheep,audioset,0.42493635416030884,0.0,0.2832778990268707,9,0.0,clips/sheep/4_5iy2IFUq4_30/audio.wav,clips/sheep/4_5iy2IFUq4_30/full_10s.wav
4_79X6ky4v4,6.0,sheep,audioset+vggsound,0.5145049095153809,4.0,0.22909392416477203,0,0.0,clips/sheep/4_79X6ky4v4_6/audio.wav,clips/sheep/4_79X6ky4v4_6/full_10s.wav
4_ZatOX33IA,16.0,sheep,audioset+vggsound,0.586256742477417,2.5,0.31492123007774353,8,0.0,clips/sheep/4_ZatOX33IA_16/audio.wav,clips/sheep/4_ZatOX33IA_16/full_10s.wav
4cUNt3-KMYk,30.0,sheep,audioset,0.25612562894821167,6.5,0.25249990820884705,5,0.0,clips/sheep/4cUNt3-KMYk_30/audio.wav,clips/sheep/4cUNt3-KMYk_30/full_10s.wav
4ejiG4iizcI,30.0,sheep,audioset+vggsound,0.6604501008987427,4.0,0.2968933880329132,7,0.0,clips/sheep/4ejiG4iizcI_30/audio.wav,clips/sheep/4ejiG4iizcI_30/full_10s.wav
4ggj3Zxfkao,20.0,sheep,audioset,0.5597921013832092,4.0,0.28585177659988403,2,0.0,clips/sheep/4ggj3Zxfkao_20/audio.wav,clips/sheep/4ggj3Zxfkao_20/full_10s.wav
4i-4ftqMeo0,7.0,sheep,audioset+vggsound,0.513416051864624,6.0,0.28064051270484924,4,0.0,clips/sheep/4i-4ftqMeo0_7/audio.wav,clips/sheep/4i-4ftqMeo0_7/full_10s.wav
4jGrLhMLulA,14.0,sheep,audioset+vggsound,0.6836732625961304,5.5,0.2915397882461548,2,0.0,clips/sheep/4jGrLhMLulA_14/audio.wav,clips/sheep/4jGrLhMLulA_14/full_10s.wav
4xp5M-wQ0t8,30.0,sheep,audioset,0.3538694977760315,1.5,0.2594793438911438,0,0.0,clips/sheep/4xp5M-wQ0t8_30/audio.wav,clips/sheep/4xp5M-wQ0t8_30/full_10s.wav
53txiaH8_OM,29.0,sheep,audioset,0.6448816657066345,6.5,0.2786012291908264,6,0.0,clips/sheep/53txiaH8_OM_29/audio.wav,clips/sheep/53txiaH8_OM_29/full_10s.wav
561tKQ5YvJE,31.0,sheep,vggsound,0.6711680889129639,3.0,0.27462688088417053,0,0.0,clips/sheep/561tKQ5YvJE_31/audio.wav,clips/sheep/561tKQ5YvJE_31/full_10s.wav
57xqSxCf-zg,100.0,sheep,audioset,0.414273202419281,0.5,0.29484158754348755,8,0.0,clips/sheep/57xqSxCf-zg_100/audio.wav,clips/sheep/57xqSxCf-zg_100/full_10s.wav
58GembOyiPE,0.0,sheep,audioset,0.7601886987686157,0.0,0.22757044434547424,0,0.0,clips/sheep/58GembOyiPE_0/audio.wav,clips/sheep/58GembOyiPE_0/full_10s.wav
5IO7NdWwHbQ,30.0,sheep,audioset,0.781668484210968,4.5,0.24328994750976562,1,0.0,clips/sheep/5IO7NdWwHbQ_30/audio.wav,clips/sheep/5IO7NdWwHbQ_30/full_10s.wav
5IuRzJRrRpQ,0.0,sheep,vggsound,0.5839369297027588,2.0,0.25840580463409424,0,0.0,clips/sheep/5IuRzJRrRpQ_0/audio.wav,clips/sheep/5IuRzJRrRpQ_0/full_10s.wav
5NfvBtyLArg,50.0,sheep,audioset,0.7316635251045227,6.5,0.2462344467639923,1,0.0,clips/sheep/5NfvBtyLArg_50/audio.wav,clips/sheep/5NfvBtyLArg_50/full_10s.wav
5RVvZ8UTUEI,30.0,sheep,audioset+vggsound,0.7887358665466309,1.5,0.2928485870361328,2,0.0,clips/sheep/5RVvZ8UTUEI_30/audio.wav,clips/sheep/5RVvZ8UTUEI_30/full_10s.wav
5YEMl_guVQw,30.0,sheep,audioset+vggsound,0.5057218670845032,5.5,0.24827206134796143,9,0.0,clips/sheep/5YEMl_guVQw_30/audio.wav,clips/sheep/5YEMl_guVQw_30/full_10s.wav
5ZQy9qlBIOI,0.0,sheep,audioset,0.7045536041259766,5.0,0.27816909551620483,2,0.0,clips/sheep/5ZQy9qlBIOI_0/audio.wav,clips/sheep/5ZQy9qlBIOI_0/full_10s.wav
5cHBJ47zbzA,15.0,sheep,audioset,0.4968891143798828,3.0,0.25514930486679077,1,0.0,clips/sheep/5cHBJ47zbzA_15/audio.wav,clips/sheep/5cHBJ47zbzA_15/full_10s.wav
5e8sX3AyuDs,90.0,sheep,audioset+vggsound,0.8356242775917053,2.5,0.3066433072090149,3,0.0,clips/sheep/5e8sX3AyuDs_90/audio.wav,clips/sheep/5e8sX3AyuDs_90/full_10s.wav
5tMJjYEcsBY,30.0,sheep,audioset,0.4727994203567505,3.5,0.27581456303596497,5,0.0,clips/sheep/5tMJjYEcsBY_30/audio.wav,clips/sheep/5tMJjYEcsBY_30/full_10s.wav
5w0Vzjf0b5M,30.0,sheep,audioset,0.8129485249519348,3.0,0.28342655301094055,9,0.0,clips/sheep/5w0Vzjf0b5M_30/audio.wav,clips/sheep/5w0Vzjf0b5M_30/full_10s.wav
5w0Vzjf0b5M,54.0,sheep,vggsound,0.8471245765686035,4.0,0.2868026793003082,3,0.0,clips/sheep/5w0Vzjf0b5M_54/audio.wav,clips/sheep/5w0Vzjf0b5M_54/full_10s.wav
5w0Vzjf0b5M,7.0,sheep,vggsound,0.8145573139190674,6.5,0.29534706473350525,9,0.0,clips/sheep/5w0Vzjf0b5M_7/audio.wav,clips/sheep/5w0Vzjf0b5M_7/full_10s.wav
6-7i1N-lXNg,20.0,sheep,audioset,0.5632768869400024,5.5,0.3086077868938446,0,0.0,clips/sheep/6-7i1N-lXNg_20/audio.wav,clips/sheep/6-7i1N-lXNg_20/full_10s.wav
6-avIf_pwUY,90.0,sheep,audioset,0.38073208928108215,5.0,0.27789098024368286,9,0.0,clips/sheep/6-avIf_pwUY_90/audio.wav,clips/sheep/6-avIf_pwUY_90/full_10s.wav
67-CF8YQjqw,0.0,sheep,audioset,0.685173511505127,1.0,0.2767053544521332,8,0.0,clips/sheep/67-CF8YQjqw_0/audio.wav,clips/sheep/67-CF8YQjqw_0/full_10s.wav
68Go8DjrzwQ,60.0,sheep,audioset,0.7071437835693359,6.0,0.28681680560112,2,0.0,clips/sheep/68Go8DjrzwQ_60/audio.wav,clips/sheep/68Go8DjrzwQ_60/full_10s.wav
68dVhXBs5mc,30.0,sheep,audioset,0.3180568516254425,5.5,0.2686619460582733,2,0.0,clips/sheep/68dVhXBs5mc_30/audio.wav,clips/sheep/68dVhXBs5mc_30/full_10s.wav
6F0NH597k5k,0.0,sheep,audioset,0.6622048020362854,6.5,0.2834681570529938,6,0.0,clips/sheep/6F0NH597k5k_0/audio.wav,clips/sheep/6F0NH597k5k_0/full_10s.wav
6GW2IJDwr6A,30.0,sheep,audioset+vggsound,0.8183698654174805,5.5,0.2791796028614044,8,0.0,clips/sheep/6GW2IJDwr6A_30/audio.wav,clips/sheep/6GW2IJDwr6A_30/full_10s.wav
6HA2HwIJ2Mw,6.0,sheep,vggsound,0.8426024317741394,6.5,0.31172922253608704,3,0.0,clips/sheep/6HA2HwIJ2Mw_6/audio.wav,clips/sheep/6HA2HwIJ2Mw_6/full_10s.wav
6VH7PWyMRIY,180.0,sheep,audioset,0.666242778301239,4.5,0.3035412132740021,4,0.0,clips/sheep/6VH7PWyMRIY_180/audio.wav,clips/sheep/6VH7PWyMRIY_180/full_10s.wav
6X8X2Uitf9s,30.0,sheep,audioset+vggsound,0.6141602396965027,1.5,0.2727532386779785,9,0.0,clips/sheep/6X8X2Uitf9s_30/audio.wav,clips/sheep/6X8X2Uitf9s_30/full_10s.wav
6_kEgb36wP8,330.0,sheep,audioset,0.7627246975898743,5.0,0.26683345437049866,5,0.0,clips/sheep/6_kEgb36wP8_330/audio.wav,clips/sheep/6_kEgb36wP8_330/full_10s.wav
6aCqNjj-coU,50.0,sheep,audioset,0.8017071485519409,5.0,0.3193012475967407,8,0.0,clips/sheep/6aCqNjj-coU_50/audio.wav,clips/sheep/6aCqNjj-coU_50/full_10s.wav
6b-072VA4UA,22.0,sheep,audioset,0.679427981376648,5.5,0.30649277567863464,4,0.0,clips/sheep/6b-072VA4UA_22/audio.wav,clips/sheep/6b-072VA4UA_22/full_10s.wav
6bWw2AlVOes,20.0,sheep,audioset,0.46279841661453247,6.0,0.2611508071422577,3,0.0,clips/sheep/6bWw2AlVOes_20/audio.wav,clips/sheep/6bWw2AlVOes_20/full_10s.wav
6boBtYqUe9c,30.0,sheep,audioset+vggsound,0.6067147254943848,0.5,0.26685622334480286,9,0.0,clips/sheep/6boBtYqUe9c_30/audio.wav,clips/sheep/6boBtYqUe9c_30/full_10s.wav
6cTaWem4RRU,10.0,sheep,audioset,0.5080692768096924,2.5,0.2805469036102295,9,0.0,clips/sheep/6cTaWem4RRU_10/audio.wav,clips/sheep/6cTaWem4RRU_10/full_10s.wav
6dhXrzs8pJc,0.0,sheep,audioset,0.5694456696510315,0.5,0.2540851831436157,2,0.0,clips/sheep/6dhXrzs8pJc_0/audio.wav,clips/sheep/6dhXrzs8pJc_0/full_10s.wav
6ehfIUwft3U,30.0,sheep,audioset+vggsound,0.7212216258049011,4.0,0.28031760454177856,2,0.0,clips/sheep/6ehfIUwft3U_30/audio.wav,clips/sheep/6ehfIUwft3U_30/full_10s.wav
7-e_ovQmtoM,14.0,sheep,audioset,0.5929510593414307,4.5,0.2974015176296234,5,0.0,clips/sheep/7-e_ovQmtoM_14/audio.wav,clips/sheep/7-e_ovQmtoM_14/full_10s.wav
70EZV2NJcHI,60.0,sheep,audioset,0.6328269243240356,5.0,0.26673057675361633,8,0.0,clips/sheep/70EZV2NJcHI_60/audio.wav,clips/sheep/70EZV2NJcHI_60/full_10s.wav
73D717VZsX8,20.0,sheep,audioset,0.7778708934783936,2.5,0.23873576521873474,9,0.0,clips/sheep/73D717VZsX8_20/audio.wav,clips/sheep/73D717VZsX8_20/full_10s.wav
77mbBOYkIcg,6.0,sheep,vggsound,0.6519196033477783,5.5,0.32276755571365356,6,0.0,clips/sheep/77mbBOYkIcg_6/audio.wav,clips/sheep/77mbBOYkIcg_6/full_10s.wav
7FPVweDfJmM,200.0,sheep,audioset,0.6804554462432861,6.5,0.28513479232788086,1,0.0,clips/sheep/7FPVweDfJmM_200/audio.wav,clips/sheep/7FPVweDfJmM_200/full_10s.wav
7Fa0CGltW9I,40.0,sheep,audioset,0.648714542388916,5.0,0.28315022587776184,2,0.0,clips/sheep/7Fa0CGltW9I_40/audio.wav,clips/sheep/7Fa0CGltW9I_40/full_10s.wav
7JflEdzbfkY,5.0,sheep,audioset+vggsound,0.6603853106498718,1.0,0.2868412137031555,7,0.0,clips/sheep/7JflEdzbfkY_5/audio.wav,clips/sheep/7JflEdzbfkY_5/full_10s.wav
7Kf4hH4xbU4,0.0,sheep,audioset,0.4303057789802551,0.5,0.2466999590396881,4,0.0,clips/sheep/7Kf4hH4xbU4_0/audio.wav,clips/sheep/7Kf4hH4xbU4_0/full_10s.wav
7LgJfjGIXUo,30.0,sheep,audioset,0.2505398392677307,0.0,0.2634615898132324,1,0.0,clips/sheep/7LgJfjGIXUo_30/audio.wav,clips/sheep/7LgJfjGIXUo_30/full_10s.wav
7O49dfbPYC8,14.0,sheep,audioset,0.8230356574058533,0.5,0.24553903937339783,8,0.0,clips/sheep/7O49dfbPYC8_14/audio.wav,clips/sheep/7O49dfbPYC8_14/full_10s.wav
7PCi2-2-16Q,30.0,sheep,audioset,0.8181525468826294,0.0,0.298907071352005,8,0.0,clips/sheep/7PCi2-2-16Q_30/audio.wav,clips/sheep/7PCi2-2-16Q_30/full_10s.wav
7XUt6sQS7nM,30.0,sheep,audioset+vggsound,0.7370356321334839,1.0,0.2708178162574768,0,0.0,clips/sheep/7XUt6sQS7nM_30/audio.wav,clips/sheep/7XUt6sQS7nM_30/full_10s.wav
7g9qHIbqjzs,30.0,sheep,audioset,0.8357755541801453,6.5,0.28379788994789124,8,0.0,clips/sheep/7g9qHIbqjzs_30/audio.wav,clips/sheep/7g9qHIbqjzs_30/full_10s.wav
7y9lWWLFKAM,4.0,sheep,audioset,0.656568169593811,1.0,0.2389196753501892,4,0.0,clips/sheep/7y9lWWLFKAM_4/audio.wav,clips/sheep/7y9lWWLFKAM_4/full_10s.wav
7ySZSfUUN2w,7.0,sheep,audioset,0.7289573550224304,4.5,0.27923277020454407,4,0.0,clips/sheep/7ySZSfUUN2w_7/audio.wav,clips/sheep/7ySZSfUUN2w_7/full_10s.wav
8JWmzep3iHY,2.0,sheep,audioset+vggsound,0.4712260663509369,6.0,0.2636299729347229,9,0.0,clips/sheep/8JWmzep3iHY_2/audio.wav,clips/sheep/8JWmzep3iHY_2/full_10s.wav
97KbMMfCle4,30.0,sheep,audioset,0.6351359486579895,2.5,0.2466915249824524,5,0.0,clips/sheep/97KbMMfCle4_30/audio.wav,clips/sheep/97KbMMfCle4_30/full_10s.wav
9Q3aANqqA40,30.0,sheep,audioset,0.6434506177902222,2.5,0.25319933891296387,7,0.0,clips/sheep/9Q3aANqqA40_30/audio.wav,clips/sheep/9Q3aANqqA40_30/full_10s.wav
9jcP7m6lFYI,80.0,sheep,audioset+vggsound,0.7279157042503357,5.5,0.2825554311275482,1,0.0,clips/sheep/9jcP7m6lFYI_80/audio.wav,clips/sheep/9jcP7m6lFYI_80/full_10s.wav
9ztPy7a4sn4,60.0,sheep,audioset,0.7305552363395691,6.5,0.2854676842689514,2,0.0,clips/sheep/9ztPy7a4sn4_60/audio.wav,clips/sheep/9ztPy7a4sn4_60/full_10s.wav
A6xwKXN6jy8,60.0,sheep,audioset,0.7118105888366699,5.0,0.29388922452926636,3,0.0,clips/sheep/A6xwKXN6jy8_60/audio.wav,clips/sheep/A6xwKXN6jy8_60/full_10s.wav
EHwlgNGg4ho,30.0,sheep,audioset+vggsound,0.7834157347679138,1.5,0.28594139218330383,8,0.0,clips/sheep/EHwlgNGg4ho_30/audio.wav,clips/sheep/EHwlgNGg4ho_30/full_10s.wav
F5jgN_1UxAg,30.0,sheep,audioset,0.6856220960617065,6.5,0.2591801583766937,1,0.0,clips/sheep/F5jgN_1UxAg_30/audio.wav,clips/sheep/F5jgN_1UxAg_30/full_10s.wav
FSJafVXqQ_w,150.0,sheep,audioset,0.5683637261390686,2.5,0.28776341676712036,1,0.0,clips/sheep/FSJafVXqQ_w_150/audio.wav,clips/sheep/FSJafVXqQ_w_150/full_10s.wav
GGfDzN7PPWY,30.0,sheep,audioset,0.5865899920463562,0.0,0.2919793128967285,2,0.0,clips/sheep/GGfDzN7PPWY_30/audio.wav,clips/sheep/GGfDzN7PPWY_30/full_10s.wav
JDYJhEyk3Gk,0.0,sheep,audioset,0.30939358472824097,0.5,0.2764585614204407,3,0.0,clips/sheep/JDYJhEyk3Gk_0/audio.wav,clips/sheep/JDYJhEyk3Gk_0/full_10s.wav
VSOy_biUipU,30.0,sheep,audioset,0.7736865282058716,6.5,0.25436046719551086,8,0.0,clips/sheep/VSOy_biUipU_30/audio.wav,clips/sheep/VSOy_biUipU_30/full_10s.wav
We8zBPPfNRw,27.0,sheep,audioset,0.4058458209037781,5.0,0.2865733504295349,8,0.0,clips/sheep/We8zBPPfNRw_27/audio.wav,clips/sheep/We8zBPPfNRw_27/full_10s.wav
XmlZv-UA2zg,9.0,sheep,vggsound,0.6697888374328613,6.0,0.3009600043296814,0,0.0,clips/sheep/XmlZv-UA2zg_9/audio.wav,clips/sheep/XmlZv-UA2zg_9/full_10s.wav
ZhpRqaGvkCI,30.0,sheep,audioset+vggsound,0.8836863040924072,4.0,0.32386505603790283,8,0.0,clips/sheep/ZhpRqaGvkCI_30/audio.wav,clips/sheep/ZhpRqaGvkCI_30/full_10s.wav
mgjh_ilaI_s,28.0,sheep,audioset,0.5250397324562073,6.0,0.2888816297054291,1,0.0,clips/sheep/mgjh_ilaI_s_28/audio.wav,clips/sheep/mgjh_ilaI_s_28/full_10s.wav
